Feature,Block,MissingRate,NonMissingRows,UniqueValues,GlobalCorrelation,MedianAbsoluteSeasonCorrelation,SeasonSignConsistency,SeasonCoverage,SeasonCorrelationIQR,StabilityScore,Mandatory,InPrecorrelationPool,Selected,SelectionRank,ExclusionReason
diff__norm__massey__strength_mean__pct,within_season_normalization,0.0,1115,755,0.46531471361735566,0.4769832921907678,1.0,1.0,0.05873404244992536,0.5889718555493897,True,True,True,5.0,selected
diff__norm__rating__elo_mov_538__pct,within_season_normalization,0.0,1115,727,0.4573316967692328,0.4598317394630629,1.0,1.0,0.060196560080345185,0.5789243458282876,True,True,True,1.0,selected
diff__compact__margin_trim02,compact_performance,0.0,1115,1097,0.42783598398296313,0.4209789872602496,1.0,1.0,0.10607837591639285,0.5519506953245159,True,True,True,2.0,selected
diff__norm__adj__net_rtg_a50p0__pct,within_season_normalization,0.0,1115,731,0.41101836276799136,0.41152175435137156,1.0,1.0,0.07970748948577877,0.5447661823181853,True,True,True,4.0,selected
diff__norm__schedule__opponent_strength_mean__pct,within_season_normalization,0.0,1115,906,0.41469892070132564,0.3995044427362751,1.0,1.0,0.0900514903833406,0.53939383545237,True,True,True,3.0,selected
seedprior__team1_prob_pc2p0,prequential_seed_priors,0.0,1115,643,0.49492938294920175,0.5274217642751469,1.0,1.0,0.12520960679839555,0.617038526828959,False,True,True,39.0,selected
seedprior__team1_prob_pc8p0,prequential_seed_priors,0.0,1115,643,0.49322459389563017,0.5242582404616318,1.0,1.0,0.12367836056791559,0.6152062316559052,False,True,False,,correlation_pruned_or_cap
diff__seed__number,selection_committee_prior,0.0,1115,29,-0.4936146491296878,0.5220375117028367,1.0,1.0,0.11839548305851372,0.6144374091035524,False,True,True,46.0,selected
diff__seed__strength,selection_committee_prior,0.0,1115,29,0.4936146491296878,0.5220375117028367,1.0,1.0,0.11839548305851372,0.6144374091035524,False,True,False,,correlation_pruned_or_cap
diff__rating__margin_ridge_a5p0_z,global_strength_ratings,0.0,1115,1115,0.5081103253379017,0.5064375459749195,1.0,1.0,0.11096340179968028,0.6104357575703125,False,True,True,51.0,selected
diff__rating__margin_ridge_a5p0,global_strength_ratings,0.0,1115,1115,0.508084235150072,0.506437545274714,1.0,1.0,0.11096340177084446,0.6104300173940448,False,True,False,,correlation_pruned_or_cap
diff__norm__rating__colley__z,within_season_normalization,0.0,1115,1115,0.4886230966269171,0.5015468022338618,1.0,1.0,0.07889998932543335,0.605083546757158,False,True,True,6.0,selected
diff__rating__colley_z,global_strength_ratings,0.0,1115,1115,0.4886230966269171,0.5015468022338618,1.0,1.0,0.07889998932543335,0.605083546757158,False,True,False,,correlation_pruned_or_cap
diff__rating__colley,global_strength_ratings,0.0,1115,1115,0.4884071782332011,0.5015468031287896,1.0,1.0,0.07889998641053941,0.6050360452567017,False,True,False,,correlation_pruned_or_cap
diff__norm__rating__margin_ridge_a25p0__z,within_season_normalization,0.0,1115,1115,0.49326580908644346,0.4993604492529357,1.0,1.0,0.08840744927051586,0.604675195669606,False,True,True,7.0,selected
diff__rating__margin_ridge_a25p0_z,global_strength_ratings,0.0,1115,1115,0.49326580908644346,0.4993604492529357,1.0,1.0,0.08840744927051586,0.604675195669606,False,True,False,,correlation_pruned_or_cap
diff__rating__margin_ridge_a25p0,global_strength_ratings,0.0,1115,1115,0.49302158979491134,0.4993604488612656,1.0,1.0,0.08840745142097972,0.6046214671514488,False,True,False,,correlation_pruned_or_cap
diff__norm__adj__net_rtg_a10p0__z,within_season_normalization,0.0,1115,1115,0.4966813893756492,0.4962846822923247,1.0,1.0,0.08223824345851438,0.604197023424618,False,True,False,,correlation_pruned_or_cap
diff__norm__schedule__quality_win_points_sum__z,within_season_normalization,0.0,1115,1115,0.4897480682621085,0.4940372623483211,1.0,1.0,0.0819853721507185,0.6016030460588292,False,True,True,8.0,selected
diff__norm__rating__elo_mov_538__z,within_season_normalization,0.0,1115,1115,0.4928228264240166,0.4912854503974089,1.0,1.0,0.09022934280657757,0.6006288642917768,False,True,True,9.0,selected
diff__rating__elo_mov_538_z,dynamic_ratings,0.0,1115,1115,0.4928228264240166,0.4912854503974089,1.0,1.0,0.09022934280657757,0.6006288642917768,False,True,False,,correlation_pruned_or_cap
diff__rating__elo_mov_538,dynamic_ratings,0.0,1115,1115,0.49253949489953697,0.49128544984031386,1.0,1.0,0.09022934341099476,0.600566531064809,False,True,False,,correlation_pruned_or_cap
diff__rating__elo_mov_log_z,dynamic_ratings,0.0,1115,1115,0.49388193585224655,0.490875308177426,1.0,1.0,0.09558689360228206,0.6004506980685674,False,True,False,,correlation_pruned_or_cap
diff__rating__elo_mov_log,dynamic_ratings,0.0,1115,1115,0.49362683577821553,0.4908753117110433,1.0,1.0,0.09558689222105932,0.6003945778036659,False,True,False,,correlation_pruned_or_cap
diff__rating__elo_standard_z,dynamic_ratings,0.0,1115,1115,0.4670081448451974,0.49764633952226234,1.0,1.0,0.11088070054816868,0.5971768068147025,False,True,True,56.0,selected
diff__rating__elo_standard,dynamic_ratings,0.0,1115,1115,0.46658400298429337,0.4976463417057778,1.0,1.0,0.11088069654652599,0.5970834968134568,False,True,False,,correlation_pruned_or_cap
diff__norm__schedule__rpi__z,within_season_normalization,0.0,1115,1115,0.47601370742949045,0.49011871283134123,1.0,1.0,0.09242908863525662,0.5962828342481213,False,True,True,10.0,selected
diff__norm__massey__strength_mean__z,within_season_normalization,0.0,1115,1115,0.47344483353655104,0.47707990409540607,1.0,1.0,0.07199703850923944,0.5902763358034666,False,True,False,,correlation_pruned_or_cap
diff__norm__rating__bt_c1p0__z,within_season_normalization,0.0,1115,1115,0.4776757560694412,0.46972539357822896,1.0,1.0,0.10776585465967359,0.58624622106644,False,True,True,11.0,selected
diff__rating__bt_c1p0_z,global_strength_ratings,0.0,1115,1115,0.4776757560694412,0.46972539357822896,1.0,1.0,0.10776585465967359,0.58624622106644,False,True,False,,correlation_pruned_or_cap
diff__rating__bt_c1p0,global_strength_ratings,0.0,1115,1115,0.47744814874001007,0.4697253908224053,1.0,1.0,0.10776585861703464,0.5861961459728754,False,True,False,,correlation_pruned_or_cap
diff__rating__margin_ridge_a5p0_percentile,global_strength_ratings,0.0,1115,761,0.4643187406021791,0.4651571630535855,1.0,1.0,0.07481720176002016,0.5824328731277997,False,True,True,52.0,selected
diff__rating__elo_mov_log_percentile,dynamic_ratings,0.0,1115,732,0.460065419484803,0.4654109436475021,1.0,1.0,0.06381760463042407,0.5820589410522408,False,True,False,,correlation_pruned_or_cap
diff__rating__elo_mov_538_percentile,dynamic_ratings,0.0,1115,727,0.4573316967692328,0.4598317394630629,1.0,1.0,0.060196560080345185,0.5789243458282876,False,True,False,,correlation_pruned_or_cap
diff__norm__schedule__rpi__pct,within_season_normalization,0.0,1115,733,0.45294552693097606,0.46157838771623266,1.0,1.0,0.0860958027026178,0.5777618099205016,False,True,True,12.0,selected
diff__norm__rating__margin_ridge_a25p0__pct,within_season_normalization,0.0,1115,733,0.4476397873683829,0.4625128004267821,1.0,1.0,0.07936617008208896,0.577312250622616,False,True,True,13.0,selected
diff__rating__margin_ridge_a25p0_percentile,global_strength_ratings,0.0,1115,733,0.4476397873683829,0.4625128004267821,1.0,1.0,0.07936617008208896,0.577312250622616,False,True,False,,correlation_pruned_or_cap
diff__norm__adj__net_rtg_a10p0__pct,within_season_normalization,0.0,1115,729,0.45240283502203493,0.460065214829006,1.0,1.0,0.08383198191643859,0.5770066475461131,False,True,False,,correlation_pruned_or_cap
diff__rating__pagerank_binary_z,global_strength_ratings,0.0,1115,1115,0.4438176874919316,0.46334142391190414,1.0,1.0,0.08134992902749494,0.5767897775648392,False,True,True,53.0,selected
diff__norm__rating__colley__pct,within_season_normalization,0.0,1115,726,0.4562084801263991,0.4559301023378929,1.0,1.0,0.06792424185542528,0.5764953450757794,False,True,False,,correlation_pruned_or_cap
diff__rating__colley_percentile,global_strength_ratings,0.0,1115,726,0.4562084801263991,0.4559301023378929,1.0,1.0,0.06792424185542528,0.5764953450757794,False,True,False,,correlation_pruned_or_cap
diff__rating__pagerank_binary,global_strength_ratings,0.0,1115,1115,0.4421873720113404,0.46334142337634926,1.0,1.0,0.08134992633126881,0.5764311080098917,False,True,False,,correlation_pruned_or_cap
diff__norm__rating__pagerank_margin__pct,within_season_normalization,0.0,1115,805,0.45054860454033524,0.46001003734036877,1.0,1.0,0.08968121124659817,0.5763382624723868,False,True,True,14.0,selected
diff__rating__pagerank_margin_percentile,global_strength_ratings,0.0,1115,805,0.45054860454033524,0.46001003734036877,1.0,1.0,0.08968121124659817,0.5763382624723868,False,True,False,,correlation_pruned_or_cap
diff__compact__half_marginmean_first,compact_performance,0.0,1115,1000,0.4599452638172477,0.4554948236162775,1.0,1.0,0.11717583902502432,0.5751384398146068,False,True,True,16.0,selected
diff__rating__bt_c0p25_z,global_strength_ratings,0.0,1115,1115,0.4466979443913422,0.4609654714153358,1.0,1.0,0.12423541089131585,0.5745675576098038,False,True,True,54.0,selected
diff__rating__bt_c0p25,global_strength_ratings,0.0,1115,1115,0.44651459160135,0.46096547190062,1.0,1.0,0.12423541094792723,0.5745272202266776,False,True,False,,correlation_pruned_or_cap
diff__seed__top4,selection_committee_prior,0.0,1115,3,0.44426890176854106,0.45993310550389993,1.0,1.0,0.10414629137308762,0.5743411973760274,False,True,True,47.0,selected
diff__norm__rating__bt_c1p0__pct,within_season_normalization,0.0,1115,733,0.4479339328437867,0.45461252374463745,1.0,1.0,0.07063999009236627,0.5739338770193644,False,True,True,15.0,selected
diff__rating__bt_c1p0_percentile,global_strength_ratings,0.0,1115,733,0.4479339328437867,0.45461252374463745,1.0,1.0,0.07063999009236627,0.5739338770193644,False,True,False,,correlation_pruned_or_cap
diff__norm__adj__net_rtg_a50p0__z,within_season_normalization,0.0,1115,1115,0.45120775735547725,0.4508789575093353,1.0,1.0,0.08531217432738336,0.5722751192495905,False,True,False,,correlation_pruned_or_cap
diff__norm__schedule__quality_win_points_sum__pct,within_season_normalization,0.0,1115,750,0.45118920959323044,0.4451427286047486,1.0,1.0,0.051378979658251334,0.57087497665446,False,True,False,,correlation_pruned_or_cap
diff__norm__rating__pagerank_margin__z,within_season_normalization,0.0,1115,1115,0.45045977029517537,0.4486285874554335,1.0,1.0,0.09030401109450165,0.5708307109997666,False,True,False,,correlation_pruned_or_cap
diff__rating__pagerank_margin_z,global_strength_ratings,0.0,1115,1115,0.45045977029517537,0.4486285874554335,1.0,1.0,0.09030401109450165,0.5708307109997666,False,True,True,55.0,selected
diff__rating__pagerank_margin,global_strength_ratings,0.0,1115,1115,0.4495791698776457,0.44862858364725694,1.0,1.0,0.09030401581431302,0.5706369768911929,False,True,False,,correlation_pruned_or_cap
diff__rating__elo_standard_percentile,dynamic_ratings,0.0,1115,737,0.4359143312626812,0.4460000749264405,1.0,1.0,0.06312348047756045,0.5674562496233788,False,True,True,57.0,selected
diff__rating__pagerank_binary_percentile,global_strength_ratings,0.0,1115,782,0.4458198028519726,0.4425902132565196,1.0,1.0,0.07974792969402383,0.5673337418028024,False,True,False,,correlation_pruned_or_cap
diff__rating__elo_season_reset_mov_z,dynamic_ratings,0.0,1115,1115,0.44249423003793076,0.4290162076802205,1.0,1.0,0.13483785248618546,0.5578829961954032,False,True,True,58.0,selected
diff__rating__elo_season_reset_mov,dynamic_ratings,0.0,1115,1115,0.4423615105621539,0.4290162110820721,1.0,1.0,0.13483785466815662,0.5578537994563422,False,True,False,,correlation_pruned_or_cap
diff__rating__elo_season_reset_mov_delta,dynamic_ratings,0.0,1115,1115,0.4423615105621539,0.4290162110820721,1.0,1.0,0.13483785466815662,0.5578537994563422,False,True,False,,correlation_pruned_or_cap
diff__compact__margin_winsor02,compact_performance,0.0,1115,1115,0.42773954641885575,0.420059319432307,1.0,1.0,0.08705798499994899,0.5522488541396576,False,True,False,,correlation_pruned_or_cap
diff__compact__margin_mean,compact_performance,0.0,1115,1097,0.42783598398296313,0.4209789872602496,1.0,1.0,0.10607837591639285,0.5519506953245159,False,True,False,,correlation_pruned_or_cap
diff__norm__compact__margin_mean__z,within_season_normalization,0.0,1115,1112,0.42743867095203536,0.4209789899988341,1.0,1.0,0.10607837917791352,0.5518632876417716,False,True,False,,correlation_pruned_or_cap
diff__norm__compact__margin_trim02__z,within_season_normalization,0.0,1115,1112,0.42743867095203536,0.4209789899988341,1.0,1.0,0.10607837917791352,0.5518632876417716,False,True,False,,correlation_pruned_or_cap
diff__compact__pythag_exp11p5,compact_performance,0.0,1115,1115,0.41627712092458785,0.41779157119685767,1.0,1.0,0.09588165668808013,0.5482856545103778,False,True,True,17.0,selected
diff__rating__bt_c0p25_percentile,global_strength_ratings,0.0,1115,724,0.41583813535098957,0.4148172983268144,1.0,1.0,0.07364761951180948,0.5476507881936162,False,True,False,,correlation_pruned_or_cap
diff__compact__pythag_exp10p0,compact_performance,0.0,1115,1115,0.42028430287208096,0.41406933504580873,1.0,1.0,0.0978581508453617,0.5473015014200315,False,True,False,,correlation_pruned_or_cap
diff__compact__pythag_exp8p0,compact_performance,0.0,1115,1115,0.42382643259709135,0.4123684366164403,1.0,1.0,0.10426402913001126,0.547008103582051,False,True,False,,correlation_pruned_or_cap
diff__norm__conference__strength_mean__pct,within_season_normalization,0.0,1115,840,0.40170747755396585,0.41859539797948114,1.0,1.0,0.06901406709980468,0.5465408734080313,False,True,False,,correlation_pruned_or_cap
diff__rating__elo_season_reset_mov_percentile,dynamic_ratings,0.0,1115,710,0.3993318092222332,0.42123032317653286,1.0,1.0,0.1470694358678415,0.5441607757189134,False,True,True,59.0,selected
diff__norm__detailed__all__net_rtg_ros__z,within_season_normalization,0.0,1115,1115,0.42640333457144824,0.40341359008250494,1.0,1.0,0.09393111868076254,0.5436900120980905,False,True,False,,correlation_pruned_or_cap
diff__norm__detailed__clean__net_rtg_ros__z,within_season_normalization,0.0,1115,1115,0.4255369137894662,0.40210182954679546,1.0,1.0,0.08924830302284753,0.5430570670952304,False,True,False,,correlation_pruned_or_cap
diff__norm__schedule__opponent_strength_mean__z,within_season_normalization,0.0,1115,1115,0.4029040799422488,0.4068924586146033,1.0,1.0,0.055099022857800495,0.5417433168079924,False,True,False,,correlation_pruned_or_cap
diff__compact__pythag_exp13p91,compact_performance,0.0,1115,1115,0.407610902482799,0.40508592568091295,1.0,1.0,0.08971899230789476,0.5405268831807383,False,True,False,,correlation_pruned_or_cap
diff__compact__upside_tail_mean,compact_performance,0.0,1115,1099,0.4199949365827833,0.401477391091249,1.0,1.0,0.15352586464858164,0.5389669991860685,False,True,True,18.0,selected
diff__rating__elo_mov_538_preseason,dynamic_ratings,0.0,1115,1115,0.41072238067267386,0.4007968886672312,1.0,1.0,0.11309580750817988,0.538217598007932,False,True,True,60.0,selected
diff__rating__elo_mov_log_preseason,dynamic_ratings,0.0,1115,1115,0.41185810752666563,0.4001924575945468,1.0,1.0,0.1136218397890319,0.5381562897096875,False,True,False,,correlation_pruned_or_cap
diff__norm__conference__strength_mean__z,within_season_normalization,0.0,1115,961,0.3959602896882092,0.39968838067793516,1.0,1.0,0.06374818331397919,0.5364117591242556,False,True,False,,correlation_pruned_or_cap
diff__norm__detailed__all__net_rtg_ros__pct,within_season_normalization,0.0,1115,769,0.39272966800956216,0.392270276341646,1.0,1.0,0.06871195613137726,0.5319417813608387,False,False,False,,below_bounded_prescreen
diff__norm__detailed__clean__net_rtg_ros__pct,within_season_normalization,0.0,1115,769,0.39185400534321313,0.392270276341646,1.0,1.0,0.06795191374628456,0.5317795372696456,False,False,False,,below_bounded_prescreen
diff__compact__home_margin_mean,compact_performance,0.0,1115,1075,0.3993665320341992,0.3937584071297062,1.0,1.0,0.13505432820815444,0.5314624993414566,False,True,True,19.0,selected
diff__norm__compact__margin_mean__pct,within_season_normalization,0.0,1115,822,0.390193771707441,0.3912310817608511,1.0,1.0,0.06865382342994053,0.530887396083648,False,False,False,,below_bounded_prescreen
diff__norm__compact__margin_trim02__pct,within_season_normalization,0.0,1115,822,0.390193771707441,0.3912310817608511,1.0,1.0,0.06865382342994053,0.530887396083648,False,False,False,,below_bounded_prescreen
diff__seed__top8,selection_committee_prior,0.0,1115,3,0.392031711203691,0.38603729190392766,1.0,1.0,0.09210413203123236,0.527860711297448,False,True,True,48.0,selected
diff__compact__blowout_win20_rate,compact_performance,0.0,1115,834,0.39519172533603913,0.3812739770066258,1.0,1.0,0.12158478485564833,0.525090297142883,False,True,True,20.0,selected
diff__compact__half_winpct_first,compact_performance,0.0,1115,380,0.3866789424488385,0.3819449981380126,1.0,1.0,0.08356218231515478,0.5250604791523843,False,True,True,21.0,selected
diff__compact__blowout_win10_rate,compact_performance,0.0,1115,829,0.37767431373751714,0.3878282236663791,1.0,1.0,0.15872629269281546,0.5228968446744031,False,True,True,22.0,selected
diff__compact__wins,compact_performance,0.0,1115,33,0.39103672910195914,0.374189201820022,1.0,1.0,0.07928384569806646,0.5224675434481189,False,True,True,23.0,selected
diff__compact__margin_median,compact_performance,0.0,1115,72,0.3666602961718796,0.3858774011521421,1.0,1.0,0.15688128522517952,0.5196111663018345,False,True,True,24.0,selected
diff__compact__margin_q75,compact_performance,0.0,1115,149,0.3926255514433878,0.3755884705141304,1.0,1.0,0.18335066950668683,0.5193260603840604,False,True,True,25.0,selected
diff__rating__elo_standard_preseason,dynamic_ratings,0.0,1115,1115,0.38522075161282343,0.36321459154312125,1.0,1.0,0.10499116328231967,0.5148919227642266,False,True,False,,correlation_pruned_or_cap
diff__compact__margin_q90,compact_performance,0.0,1115,367,0.38477599460863493,0.3638416097160531,1.0,1.0,0.1522697650879007,0.5132039008740892,False,True,True,26.0,selected
diff__compact__downside_tail_mean,compact_performance,0.0,1115,1056,-0.35062326070537314,0.3516831065519783,1.0,1.0,0.08918358543707544,0.5023776650826487,False,True,True,27.0,selected
diff__compact__margin_slope,compact_performance,0.0,1115,1115,-0.3321600087507107,0.3600429100184219,1.0,1.0,0.11021538111916585,0.5014871834892322,False,True,True,28.0,selected
diff__compact__margin_q25,compact_performance,0.0,1115,143,0.35775519014815793,0.34735660116601375,1.0,1.0,0.13185584255903005,0.5001630766899201,False,True,True,29.0,selected
diff__norm__compact__win_pct__z,within_season_normalization,0.0,1115,1030,0.34832639133302723,0.3492562391364017,1.0,1.0,0.14580085875220022,0.49844276652865077,False,False,False,,below_bounded_prescreen
diff__compact__win_pct,compact_performance,0.0,1115,825,0.34801460841545095,0.349256236760219,1.0,1.0,0.14580086628255584,0.4983741728450021,False,True,True,30.0,selected
diff__compact__half_delta_marginmean,compact_performance,0.0,1115,1091,-0.324314927464869,0.35368338935665483,1.0,1.0,0.08650782627273557,0.497656997882556,False,True,True,31.0,selected
diff__compact__away_games,compact_performance,0.0,1115,22,-0.3384895099740538,0.33362156646749536,1.0,1.0,0.12583493270285706,0.48957264679057527,False,True,True,32.0,selected
diff__norm__compact__win_pct__pct,within_season_normalization,0.0,1115,851,0.32769629340782575,0.33338182408571143,1.0,1.0,0.09944670355046964,0.4881385919688444,False,False,False,,below_bounded_prescreen
diff__compact__ewm_h20_margin,compact_performance,0.0,1115,1115,0.34117344094034274,0.3279821464271286,1.0,1.0,0.11607169402424589,0.48784671953092723,False,True,True,33.0,selected
diff__compact__ewm_h20_win,compact_performance,0.0,1115,1115,0.3108635772237168,0.3358430033620819,1.0,1.0,0.1242554529921363,0.4846244104833315,False,True,True,34.0,selected
diff__compact__losses,compact_performance,0.0,1115,32,-0.32542802418131195,0.3260957735727257,1.0,1.0,0.1529055085098242,0.482003916294404,False,True,False,,correlation_pruned_or_cap
diff__compact__margin_q10,compact_performance,0.0,1115,317,0.32415149707800284,0.3223620919068584,1.0,1.0,0.10444318256676804,0.4818694061697819,False,True,True,35.0,selected
diff__compact__ewm_h10_margin,compact_performance,0.0,1115,1115,0.34034183328898815,0.3189435404765263,1.0,1.0,0.1982250519366709,0.4800391006748431,False,True,True,36.0,selected
diff__compact__half_pointsformean_first,compact_performance,0.0,1115,991,0.29086041318926875,0.29696712967285016,1.0,1.0,0.10248584237064295,0.4624340794497815,False,True,True,37.0,selected
diff__compact__home_games,compact_performance,0.0,1115,19,0.29011872929657734,0.2867281198857116,1.0,1.0,0.11134057448238188,0.4570019950110933,False,True,True,38.0,selected
diff__compact__blowout_loss10_rate,compact_performance,0.0,1115,643,-0.30279432100629544,0.2734756841690622,1.0,1.0,0.12665932325808232,0.4528167060922116,False,False,False,,below_bounded_prescreen
diff__compact__blowout_loss20_rate,compact_performance,0.0,1115,180,-0.24761256290128666,0.2756305217985859,1.0,1.0,0.07171925296997358,0.4439086441828053,False,False,False,,below_bounded_prescreen
diff__compact__away_margin_mean,compact_performance,0.0,1115,1027,0.2851700935698658,0.26020168306950614,1.0,1.0,0.1552710170079708,0.4414233877784145,False,False,False,,below_bounded_prescreen
diff__compact__half_delta_pointsformean,compact_performance,0.0,1115,1080,-0.2564021728540292,0.26140416877207345,1.0,1.0,0.06441699125727485,0.43930579938819064,False,False,False,,below_bounded_prescreen
diff__compact__win_slope,compact_performance,0.0,1115,1073,-0.24789899731046516,0.2572847951391698,1.0,1.0,0.08314638605790217,0.4347086256327877,False,False,False,,below_bounded_prescreen
diff__compact__home_win_pct,compact_performance,0.0,1115,480,0.24256879432921863,0.2570032177760543,1.0,1.0,0.081556843821631,0.4334644055320689,False,False,False,,below_bounded_prescreen
diff__compact__away_win_pct,compact_performance,0.0,1115,542,0.26069242613911403,0.2513416754030798,1.0,1.0,0.18496593602745456,0.4305977005029851,False,False,False,,below_bounded_prescreen
diff__compact__half_pointsagainstmean_first,compact_performance,0.0,1115,981,-0.25622192886325035,0.24417575594502736,1.0,1.0,0.1756961860975679,0.4265453397596255,False,False,False,,below_bounded_prescreen
diff__compact__ewm_h10_win,compact_performance,0.0,1115,1115,0.25555976602592284,0.2252895173784666,1.0,1.0,0.1472008874543809,0.4184740813691918,False,False,False,,below_bounded_prescreen
diff__compact__ewm_h20_points_for,compact_performance,0.0,1115,1115,0.23265260045802197,0.25572129533489757,0.8823529411764706,1.0,0.08894831757128094,0.4115483317468997,False,False,False,,below_bounded_prescreen
diff__compact__games,compact_performance,0.0,1115,15,0.24829459216061045,0.24242973488295474,0.8823529411764706,1.0,0.14332839626024405,0.40643441775697814,False,False,False,,below_bounded_prescreen
diff__compact__points_for_mean,compact_performance,0.0,1115,1104,0.22129374042872596,0.2397583266715332,0.8823529411764706,1.0,0.14976234010243483,0.3989545966807935,False,False,False,,below_bounded_prescreen
diff__compact__half_delta_winpct,compact_performance,0.0,1115,697,-0.21540223200651032,0.19525883412043027,1.0,1.0,0.05708041466138947,0.39882951483278317,False,False,False,,below_bounded_prescreen
diff__compact__rest_days_std,compact_performance,0.0,1115,1114,-0.24061129336796874,0.18705833615327333,1.0,1.0,0.16317207611016282,0.3961956028501178,False,False,False,,below_bounded_prescreen
diff__context__d1_tenure,availability_and_context,0.0,1115,35,0.18625333322392812,0.19990491214642003,1.0,1.0,0.08726510134610857,0.3934394870857015,False,True,False,,correlation_pruned_or_cap
diff__compact__pythag_residual_exp11p5,compact_performance,0.0,1115,1115,-0.17579668285636543,0.198490485968043,1.0,1.0,0.1020783713277989,0.3898675686399491,False,False,False,,below_bounded_prescreen
diff__compact__pythag_residual_exp13p91,compact_performance,0.0,1115,1115,-0.1767714070743798,0.19087248199227352,1.0,1.0,0.12175582773889058,0.38563826780309923,False,False,False,,below_bounded_prescreen
diff__compact__neutral_games,compact_performance,0.04394618834080718,1066,17,0.20088742004198687,0.17723382107951643,1.0,1.0,0.17296353513190663,0.37883323005486413,False,False,False,,below_bounded_prescreen
diff__compact__last20_margin_mean,compact_performance,0.0,1115,459,0.19100656036345387,0.1622075480715818,1.0,1.0,0.11063297180639187,0.3754557474820634,False,False,False,,below_bounded_prescreen
diff__compact__last20_margin_median,compact_performance,0.0,1115,79,0.171840704682568,0.16437499919096682,1.0,1.0,0.12812392975582823,0.3715799974515959,False,False,False,,below_bounded_prescreen
diff__compact__home_margin_std,compact_performance,0.0,1115,1115,0.1927838383643444,0.22728516918690184,0.7647058823529411,1.0,0.0854504247415579,0.37044424983667684,False,False,False,,below_bounded_prescreen
diff__compact__ewm_h10_points_for,compact_performance,0.0,1115,1115,0.1786166390688397,0.20078326015905043,0.8823529411764706,1.0,0.16205769434765277,0.3703657882858181,False,False,False,,below_bounded_prescreen
diff__compact__half_delta_pointsagainstmean,compact_performance,0.0,1115,1078,0.1961408409295998,0.22211651795521556,0.7647058823529411,1.0,0.14639669348944687,0.3662639870599081,False,False,False,,below_bounded_prescreen
diff__compact__days_since_last_game,compact_performance,0.0,1115,17,-0.2091129658348716,0.17723281776381636,0.8823529411764706,1.0,0.205332213889789,0.36403978704294737,False,False,False,,below_bounded_prescreen
diff__compact__last_game_day,compact_performance,0.0,1115,17,0.2091129658348716,0.17723281776381636,0.8823529411764706,1.0,0.205332213889789,0.36403978704294737,False,False,False,,below_bounded_prescreen
diff__rating__elo_standard_delta,dynamic_ratings,0.0,1115,1115,0.17501916209173016,0.18912963117175985,0.8823529411764706,1.0,0.1984069356394354,0.36252663178528327,False,True,False,,correlation_pruned_or_cap
diff__norm__detailed__all__efg_ros__z,within_season_normalization,0.0,1115,1115,0.17856562251756275,0.14101378472021064,1.0,1.0,0.1432501025660624,0.36124104951692243,False,False,False,,below_bounded_prescreen
diff__norm__detailed__all__efg_ros__pct,within_season_normalization,0.0,1115,903,0.17962216259675012,0.1289396914585707,1.0,1.0,0.1526916086469273,0.35530026332552184,False,False,False,,below_bounded_prescreen
diff__compact__ewm_h5_margin,compact_performance,0.0,1115,1115,0.1663967239399679,0.13216924964054652,1.0,1.0,0.1207659273919107,0.35521788199857884,False,False,False,,below_bounded_prescreen
diff__compact__pythag_residual_exp10p0,compact_performance,0.0,1115,1115,-0.1569111916872466,0.17166147605547774,0.8823529411764706,1.0,0.08100621216482438,0.35485419277946584,False,False,False,,below_bounded_prescreen
diff__compact__points_against_mean,compact_performance,0.0,1115,1096,-0.17838763659613938,0.21326861282126505,0.7647058823529411,1.0,0.23569404606663252,0.35453939353916314,False,False,False,,below_bounded_prescreen
diff__compact__close5_games,compact_performance,0.0,1115,26,-0.19709078983825473,0.1920002369314633,0.7647058823529411,1.0,0.22641245121575182,0.3488165306193589,False,False,False,,below_bounded_prescreen
diff__compact__ewm_h20_points_against,compact_performance,0.0,1115,1115,-0.16772568592872072,0.15214268496391015,0.8823529411764706,1.0,0.17537856120266637,0.34408946782712413,False,False,False,,below_bounded_prescreen
diff__compact__half_marginmean_second,compact_performance,0.0,1115,997,0.1551640578839275,0.15234824409246367,0.8823529411764706,1.0,0.1400677267681561,0.3428370114163557,False,False,False,,below_bounded_prescreen
diff__compact__day90plus_games,compact_performance,0.0,1115,10,0.16128771075616447,0.18771897645862037,0.7647058823529411,1.0,0.16903981848353292,0.3411797535036233,False,False,False,,below_bounded_prescreen
diff__rating__elo_mov_538_delta,dynamic_ratings,0.0,1115,1115,0.14957836996898258,0.18672486075348407,0.7647058823529411,1.0,0.12662553211649918,0.33982309444665915,False,True,False,,correlation_pruned_or_cap
diff__rating__elo_mov_log_delta,dynamic_ratings,0.0,1115,1115,0.15010962503189249,0.18365110671492565,0.7647058823529411,1.0,0.12938599207078602,0.3383541502238198,False,True,False,,correlation_pruned_or_cap
diff__compact__last20_win_pct,compact_performance,0.0,1115,22,0.14574731025520876,0.13604420668488557,0.8823529411764706,1.0,0.10721615893544556,0.33425345169570847,False,False,False,,below_bounded_prescreen
diff__seed__playin,selection_committee_prior,0.0,1115,3,-0.11885098238389065,0.1341246360271594,0.8823529411764706,1.0,0.04355484146432824,0.32996131834715464,False,True,True,49.0,selected
diff__compact__neutral_margin_mean,compact_performance,0.04394618834080718,1066,745,0.1146863977300328,0.16758519491066637,0.7647058823529411,1.0,0.17319299909472477,0.3175814272031441,False,False,False,,below_bounded_prescreen
diff__compact__overtime_rate,compact_performance,0.0,1115,371,-0.1475454826113289,0.17932888410381884,0.6470588235294118,1.0,0.18742266377628958,0.3145703757579797,False,False,False,,below_bounded_prescreen
diff__compact__close3_games,compact_performance,0.0,1115,19,-0.13973066496841358,0.1661706949854595,0.6470588235294118,1.0,0.19227357054348015,0.3063411488290382,False,False,False,,below_bounded_prescreen
diff__compact__close5_wins,compact_performance,0.0,1115,20,-0.14492307496419676,0.12033852289619534,0.7647058823529411,1.0,0.1688188767635949,0.30524575358822387,False,False,False,,below_bounded_prescreen
diff__compact__day110plus_games,compact_performance,0.0,1115,10,0.15028343568021002,0.15680507550374015,0.6470588235294118,1.0,0.18443965861073516,0.30448061751171795,False,False,False,,below_bounded_prescreen
diff__compact__ewm_h10_points_against,compact_performance,0.0,1115,1115,-0.1288812729392298,0.19655681478328113,0.5294117647058824,1.0,0.21481393452772365,0.29881447611443773,False,False,False,,below_bounded_prescreen
diff__compact__day90plus_margin_mean,compact_performance,0.0,1115,1004,0.12064868690008779,0.09810048493817221,0.7647058823529411,1.0,0.13878397217282323,0.2904325261778996,False,False,False,,below_bounded_prescreen
diff__compact__half_winpct_second,compact_performance,0.0,1115,435,0.1071289544525216,0.10321953966421493,0.7647058823529411,1.0,0.13945977878997184,0.28988829904324964,False,False,False,,below_bounded_prescreen
diff__compact__rest_days_mean,compact_performance,0.0,1115,774,-0.11543755572893521,0.17665198158970388,0.5294117647058824,1.0,0.19611537277974458,0.287050480865175,False,False,False,,below_bounded_prescreen
diff__compact__margin_std,compact_performance,0.0,1115,1115,0.12122721622856766,0.12585963399669958,0.6470588235294118,1.0,0.1692466887246656,0.28384215610441993,False,False,False,,below_bounded_prescreen
diff__compact__day120plus_games,compact_performance,0.0,1115,9,0.1326389429696922,0.12134801966950484,0.6470588235294118,1.0,0.21518181017994392,0.28234975625220277,False,False,False,,below_bounded_prescreen
diff__compact__ewm_h5_points_for,compact_performance,0.0,1115,1115,0.08741900830510188,0.13147424375145267,0.6470588235294118,1.0,0.1590503590624262,0.2795072162300285,False,False,False,,below_bounded_prescreen
diff__compact__last10_margin_mean,compact_performance,0.0,1115,295,0.09809637308089857,0.07757461092499049,0.7647058823529411,1.0,0.09842151612187555,0.2772330958533887,False,False,False,,below_bounded_prescreen
diff__compact__first_game_day,compact_performance,0.0,1115,28,-0.13718372711802354,0.09715191441692284,0.6470588235294118,1.0,0.2484082437415255,0.27040642090113304,False,False,False,,below_bounded_prescreen
diff__compact__last20_points_for_mean,compact_performance,0.0,1115,487,0.09789498385308226,0.13291561862848358,0.5294117647058824,1.0,0.16669263154796687,0.2633745704803727,False,False,False,,below_bounded_prescreen
diff__compact__last5_margin_std,compact_performance,0.0,1115,1114,0.11090210021601225,0.07994303694584531,0.6470588235294118,1.0,0.10505703541458652,0.2620982501296509,False,False,False,,below_bounded_prescreen
diff__compact__overtime_periods_mean,compact_performance,0.0,1115,434,-0.13635192037890417,0.07762857800713091,0.6470588235294118,1.0,0.22281589199727958,0.26187591601159643,False,False,False,,below_bounded_prescreen
absdiff__rating__pagerank_binary_percentile,global_strength_ratings,0.0,1115,643,-0.0502386590183345,0.13382288430315573,0.5294117647058824,1.0,0.12959091960659908,0.2548097350182255,False,False,False,,below_bounded_prescreen
diff__compact__ewm_h5_win,compact_performance,0.0,1115,1115,0.08041272456006576,0.08191333930493454,0.6470588235294118,1.0,0.14372791878726376,0.25478949728279837,False,False,False,,below_bounded_prescreen
diff__compact__pythag_residual_exp8p0,compact_performance,0.0,1115,1115,-0.09571262339322388,0.10239961029695979,0.5294117647058824,1.0,0.10479950480367914,0.250722492249844,False,False,False,,below_bounded_prescreen
diff__compact__day120plus_win_pct,compact_performance,0.0,1115,55,-0.06323164199110383,0.07083926090660567,0.6470588235294118,1.0,0.08979979723180814,0.24785122634864715,False,False,False,,below_bounded_prescreen
diff__compact__close3_wins,compact_performance,0.0,1115,16,-0.09378501841276697,0.10477459006751039,0.5294117647058824,1.0,0.20013991662027147,0.24762479297134407,False,False,False,,below_bounded_prescreen
absdiff__compact__last10_margin_std,compact_performance,0.0,1115,1115,0.06184734750321874,0.06473027173690994,0.6470588235294118,1.0,0.09842564072019463,0.244269333020323,False,False,False,,below_bounded_prescreen
absdiff__norm__rating__colley__pct,within_season_normalization,0.0,1115,577,-0.04591792318293923,0.10981135246843769,0.5294117647058824,1.0,0.11699669689491055,0.24283740676224147,False,False,False,,below_bounded_prescreen
absdiff__rating__colley_percentile,global_strength_ratings,0.0,1115,577,-0.04591792318293923,0.10981135246843769,0.5294117647058824,1.0,0.11699669689491055,0.24283740676224147,False,False,False,,below_bounded_prescreen
seedprior__pooled_pair_games,prequential_seed_priors,0.051121076233183856,1058,128,-0.07359527654392359,0.10398600623049052,0.5294117647058824,1.0,0.1594566632383691,0.24034217355505036,False,True,True,40.0,selected
diff__compact__last10_margin_median,compact_performance,0.0,1115,90,0.07859842784950058,0.0891835323877723,0.5294117647058824,1.0,0.11385446301850691,0.24025145350522173,False,False,False,,below_bounded_prescreen
diff__compact__day90plus_win_pct,compact_performance,0.0,1115,417,0.07541429063098919,0.09297388654496269,0.5294117647058824,1.0,0.1474443544094795,0.2400267176569617,False,False,False,,below_bounded_prescreen
diff__compact__half_pointsagainstmean_second,compact_performance,0.0,1115,995,-0.054654495454791015,0.1459154025048364,0.4117647058823529,1.0,0.2119790505254493,0.239466573122534,False,False,False,,below_bounded_prescreen
diff__compact__day110plus_margin_mean,compact_performance,0.0,1115,892,0.0810292533517182,0.04925251360992978,0.6470588235294118,1.0,0.14084269154898837,0.23936334637289067,False,False,False,,below_bounded_prescreen
absdiff__norm__rating__pagerank_margin__pct,within_season_normalization,0.0,1115,640,-0.048489979050050674,0.09877847381768232,0.5294117647058824,1.0,0.13795597587154446,0.23726910614157803,False,False,False,,below_bounded_prescreen
absdiff__rating__pagerank_margin_percentile,global_strength_ratings,0.0,1115,640,-0.048489979050050674,0.09877847381768232,0.5294117647058824,1.0,0.13795597587154446,0.23726910614157803,False,False,False,,below_bounded_prescreen
absdiff__norm__schedule__quality_win_points_sum__pct,within_season_normalization,0.0,1115,595,-0.04295494696217491,0.0997048408343146,0.5294117647058824,1.0,0.1216572194918958,0.23714800550541484,False,False,False,,below_bounded_prescreen
diff__compact__last10_points_against_mean,compact_performance,0.0,1115,325,-0.04721925212455939,0.1346441728794298,0.4117647058823529,1.0,0.1587623140323877,0.23454929882941036,False,False,False,,below_bounded_prescreen
absdiff__norm__massey__strength_mean__pct,within_season_normalization,0.0,1115,604,-0.04701150045849689,0.09259965919676341,0.5294117647058824,1.0,0.12411871481002905,0.23453150027585576,False,False,False,,below_bounded_prescreen
absdiff__compact__ewm_h5_margin,compact_performance,0.0,1115,1115,0.0524280464823427,0.08961573662620707,0.5294117647058824,1.0,0.13317002961700503,0.23392880497495575,False,False,False,,below_bounded_prescreen
mean__compact__neutral_games,compact_performance,0.04394618834080718,1066,15,0.02307031162732374,0.09958774458246049,0.5294117647058824,1.0,0.058707050047546644,0.23171949124136698,False,False,False,,below_bounded_prescreen
absdiff__compact__half_marginmean_second,compact_performance,0.0,1115,921,0.06505546191429823,0.11970423908346539,0.4117647058823529,1.0,0.15612791482972554,0.23140747272919646,False,False,False,,below_bounded_prescreen
diff__compact__last10_win_pct,compact_performance,0.0,1115,14,0.06309506620421798,0.07945601822339192,0.5294117647058824,1.0,0.1373565858603922,0.23123142223068155,False,False,False,,below_bounded_prescreen
diff__compact__neutral_margin_std,compact_performance,0.08251121076233184,1023,1021,0.06351327452505713,0.08858425640810655,0.5294117647058824,1.0,0.1095687470930605,0.2302155990796359,False,False,False,,below_bounded_prescreen
absdiff__norm__compact__margin_mean__pct,within_season_normalization,0.0,1115,659,-0.039837305990804574,0.07410049367240325,0.5294117647058824,1.0,0.08122888332363755,0.22578917130072623,False,False,False,,below_bounded_prescreen
absdiff__norm__compact__margin_trim02__pct,within_season_normalization,0.0,1115,659,-0.039837305990804574,0.07410049367240325,0.5294117647058824,1.0,0.08122888332363755,0.22578917130072623,False,False,False,,below_bounded_prescreen
absdiff__compact__last20_margin_mean,compact_performance,0.0,1115,277,0.056104163633317244,0.11192508919945579,0.4117647058823529,1.0,0.16343207489550443,0.22541202876042485,False,False,False,,below_bounded_prescreen
absdiff__compact__rest_days_std,compact_performance,0.0,1115,1114,0.03205950292277007,0.07266110606192087,0.5294117647058824,1.0,0.06343607680168203,0.22409886083360533,False,False,False,,below_bounded_prescreen
absdiff__compact__rest_days_mean,compact_performance,0.0,1115,659,-0.05382791937703738,0.06324888661535029,0.5294117647058824,1.0,0.10523497600078434,0.22269809115122616,False,False,False,,below_bounded_prescreen
absdiff__norm__rating__bt_c1p0__pct,within_season_normalization,0.0,1115,562,-0.04901800256227613,0.10269676112216032,0.4117647058823529,1.0,0.1665767476162731,0.21929768893886326,False,False,False,,below_bounded_prescreen
absdiff__rating__bt_c1p0_percentile,global_strength_ratings,0.0,1115,562,-0.04901800256227613,0.10269676112216032,0.4117647058823529,1.0,0.1665767476162731,0.21929768893886326,False,False,False,,below_bounded_prescreen
absdiff__norm__detailed__clean__net_rtg_ros__pct,within_season_normalization,0.0,1115,605,-0.03545797924347634,0.06129888554796008,0.5294117647058824,1.0,0.06850892623911828,0.21918974579996206,False,False,False,,below_bounded_prescreen
absdiff__norm__detailed__all__net_rtg_ros__pct,within_season_normalization,0.0,1115,601,-0.03567959512505145,0.0575436661848743,0.5294117647058824,1.0,0.07184343871529496,0.21730261550058033,False,False,False,,below_bounded_prescreen
mean__compact__margin_mad,compact_performance,0.0,1115,37,-0.044485960140332716,0.09255860241839108,0.4117647058823529,1.0,0.1308538778431369,0.21486323821915193,False,False,False,,below_bounded_prescreen
absdiff__rating__elo_standard_delta,dynamic_ratings,0.0,1115,1115,0.035441358045624725,0.050919733727031055,0.5294117647058824,1.0,0.06181415464181149,0.21447188712628107,False,True,False,,correlation_pruned_or_cap
absdiff__norm__massey__strength_mean__z,within_season_normalization,0.0,1115,1115,-0.043539941651114876,0.09241572142058666,0.4117647058823529,1.0,0.13558966162816666,0.2143970999211767,False,False,False,,below_bounded_prescreen
absdiff__rating__elo_mov_log_percentile,dynamic_ratings,0.0,1115,560,-0.04646432473108098,0.09194571131616856,0.4117647058823529,1.0,0.1562313147285841,0.21398919322463186,False,True,False,,correlation_pruned_or_cap
diff__compact__ewm_h5_points_against,compact_performance,0.0,1115,1115,-0.0533847745587739,0.13128926222671486,0.29411764705882354,1.0,0.2146412026769659,0.21323667169408653,False,False,False,,below_bounded_prescreen
diff__compact__last20_points_against_mean,compact_performance,0.0,1115,505,-0.07375112011857436,0.12081023360244131,0.29411764705882354,1.0,0.20411453654159747,0.21310840062300604,False,False,False,,below_bounded_prescreen
seedprior__exact_pair_games,prequential_seed_priors,0.0,1115,93,-0.06362668782623486,0.12726505232484941,0.29411764705882354,1.0,0.2331363154929797,0.21281846734739196,False,True,True,41.0,selected
absdiff__norm__rating__elo_mov_538__pct,within_season_normalization,0.0,1115,545,-0.04797080572426765,0.08855842329863829,0.4117647058823529,1.0,0.1620103489762591,0.21246355942481138,False,False,False,,below_bounded_prescreen
absdiff__rating__elo_mov_538_percentile,dynamic_ratings,0.0,1115,545,-0.04797080572426765,0.08855842329863829,0.4117647058823529,1.0,0.1620103489762591,0.21246355942481138,False,True,False,,correlation_pruned_or_cap
absdiff__norm__schedule__opponent_strength_mean__pct,within_season_normalization,0.0,1115,773,-0.02485793800324266,0.1459480972547186,0.29411764705882354,1.0,0.2603623964158782,0.21216816071575495,False,False,False,,below_bounded_prescreen
mean__compact__margin_iqr,compact_performance,0.0,1115,120,-0.05151353730691774,0.1223906256420562,0.29411764705882354,1.0,0.13383861151167675,0.2117857575846536,False,False,False,,below_bounded_prescreen
absdiff__norm__schedule__rpi__pct,within_season_normalization,0.0,1115,574,-0.042494773238432676,0.08851958561665396,0.4117647058823529,1.0,0.1609498234351234,0.21128261121222064,False,False,False,,below_bounded_prescreen
diff__compact__away_margin_std,compact_performance,0.0,1115,1115,-0.08448590822307492,0.11380270316481646,0.29411764705882354,1.0,0.2344231865358178,0.21089409339616744,False,False,False,,below_bounded_prescreen
diff__compact__half_pointsformean_second,compact_performance,0.0,1115,1001,0.08282545468533455,0.11041465976246032,0.29411764705882354,1.0,0.19988019681624375,0.21028425237351656,False,False,False,,below_bounded_prescreen
absdiff__norm__schedule__opponent_strength_mean__z,within_season_normalization,0.0,1115,1115,-0.026881884630020888,0.13904787984668784,0.29411764705882354,1.0,0.23601966063698848,0.21027503404894698,False,False,False,,below_bounded_prescreen
absdiff__compact__last10_margin_mean,compact_performance,0.0,1115,175,0.04390446468121898,0.0874722873076543,0.4117647058823529,1.0,0.18797908666568364,0.21000886961209136,False,False,False,,below_bounded_prescreen
absdiff__rating__elo_standard_percentile,dynamic_ratings,0.0,1115,568,-0.049344629619924384,0.08220324940544131,0.4117647058823529,1.0,0.1848226085305196,0.2088028268309509,False,True,False,,correlation_pruned_or_cap
mean__compact__days_since_last_game,compact_performance,0.0,1115,16,-0.02959130805778125,0.08932797788430769,0.4117647058823529,1.0,0.16982526184498536,0.20847685962455664,False,False,False,,below_bounded_prescreen
absdiff__compact__away_margin_std,compact_performance,0.0,1115,1115,0.06475971160334283,0.07040409286196422,0.4117647058823529,1.0,0.14579017760860555,0.2080918469633105,False,False,False,,below_bounded_prescreen
absdiff__norm__adj__net_rtg_a50p0__pct,within_season_normalization,0.0,1115,560,-0.04129662002139761,0.0774619836597061,0.4117647058823529,1.0,0.12337652247080072,0.20721430060371085,False,False,False,,below_bounded_prescreen
absdiff__rating__bt_c0p25_percentile,global_strength_ratings,0.0,1115,556,-0.04528293522321875,0.11755510495732589,0.29411764705882354,1.0,0.1668612416692464,0.20677306999126646,False,False,False,,below_bounded_prescreen
absdiff__seed__number,selection_committee_prior,0.0,1115,15,-0.015358778838649669,0.08612610006149615,0.4117647058823529,1.0,0.12250706525936274,0.20570152970482306,False,True,True,50.0,selected
diff__compact__neutral_win_pct,compact_performance,0.04394618834080718,1066,144,0.02691820431715207,0.08985637739411276,0.4117647058823529,1.0,0.1530033510672037,0.20529958993017133,False,False,False,,below_bounded_prescreen
absdiff__compact__margin_q25,compact_performance,0.0,1115,81,0.008882805514636253,0.08876915047430939,0.4117647058823529,1.0,0.15497014035963602,0.20424695676767954,False,False,False,,below_bounded_prescreen
diff__compact__last20_margin_std,compact_performance,0.0,1115,1115,0.0614536346199792,0.10429612756183161,0.29411764705882354,1.0,0.16557719468556942,0.20401767658806358,False,False,False,,below_bounded_prescreen
seedprior__favorite_seed_games,prequential_seed_priors,0.0,1115,124,0.022539628270797626,0.08089868881250913,0.4117647058823529,1.0,0.15099750786113425,0.20363254147631096,False,True,True,42.0,selected
diff__compact__last10_margin_std,compact_performance,0.0,1115,1115,0.060597441901377565,0.0579625822542923,0.4117647058823529,1.0,0.11639125466834015,0.20238017945480624,False,False,False,,below_bounded_prescreen
absdiff__compact__pythag_exp13p91,compact_performance,0.0,1115,1115,-0.03284135497769869,0.06594009434856798,0.4117647058823529,1.0,0.10965277095265397,0.20037258548547665,False,False,False,,below_bounded_prescreen
diff__compact__last5_margin_median,compact_performance,0.0,1115,56,0.05039197981958964,0.09474029049761662,0.29411764705882354,1.0,0.1253994692586814,0.1986044197582302,False,False,False,,below_bounded_prescreen
absdiff__rating__elo_season_reset_mov_percentile,dynamic_ratings,0.0,1115,542,-0.04260160361337842,0.09888667485189946,0.29411764705882354,1.0,0.17006358077686023,0.19709423702219236,False,True,False,,correlation_pruned_or_cap
absdiff__compact__margin_median,compact_performance,0.0,1115,40,0.048756006728723864,0.09259815793624551,0.29411764705882354,1.0,0.1319874475170029,0.19695276291844876,False,False,False,,below_bounded_prescreen
absdiff__norm__detailed__all__efg_ros__z,within_season_normalization,0.0,1115,1115,-0.004707996121380975,0.12019605258512477,0.29411764705882354,1.0,0.22473642468904853,0.19679923092941354,False,False,False,,below_bounded_prescreen
absdiff__rating__elo_mov_log_preseason,dynamic_ratings,0.0,1115,1115,-0.022534681810493538,0.10995676688453486,0.29411764705882354,1.0,0.20159949377422795,0.19673172188132795,False,False,False,,below_bounded_prescreen
absdiff__compact__day120plus_margin_mean,compact_performance,0.0,1115,456,0.03806680441688598,0.10146276381599995,0.29411764705882354,1.0,0.19678127910002957,0.19626439596880546,False,False,False,,below_bounded_prescreen
absdiff__compact__day90plus_margin_mean,compact_performance,0.0,1115,934,0.05857051730095613,0.08983988229448088,0.29411764705882354,1.0,0.17174712247878834,0.1961975959378214,False,False,False,,below_bounded_prescreen
absdiff__norm__rating__colley__z,within_season_normalization,0.0,1115,1115,-0.022496480454841813,0.10303979929879846,0.29411764705882354,1.0,0.1328286991751171,0.19615400492589555,False,False,False,,below_bounded_prescreen
absdiff__rating__colley_z,global_strength_ratings,0.0,1115,1115,-0.022496480454841813,0.10303979929879846,0.29411764705882354,1.0,0.1328286991751171,0.19615400492589555,False,False,False,,below_bounded_prescreen
absdiff__rating__colley,global_strength_ratings,0.0,1115,1115,-0.021979925282021074,0.10303979614571006,0.29411764705882354,1.0,0.1328286942276811,0.19604036147228998,False,False,False,,below_bounded_prescreen
absdiff__rating__elo_mov_538_preseason,dynamic_ratings,0.0,1115,1115,-0.021170024332082,0.10885384762090558,0.29411764705882354,1.0,0.20261962924529947,0.19586129057069251,False,False,False,,below_bounded_prescreen
absdiff__compact__last10_margin_median,compact_performance,0.0,1115,51,0.033302168004145004,0.09343242219250385,0.29411764705882354,1.0,0.12415927438058615,0.19426649216750208,False,False,False,,below_bounded_prescreen
diff__compact__last5_points_for_mean,compact_performance,0.0,1115,213,0.046529014898809826,0.09168083731093575,0.29411764705882354,1.0,0.1798504142479707,0.19410799214648025,False,False,False,,below_bounded_prescreen
absdiff__compact__pythag_exp11p5,compact_performance,0.0,1115,1115,-0.025711242357041045,0.05702498055616645,0.4117647058823529,1.0,0.121259407529233,0.19406044062551608,False,False,False,,below_bounded_prescreen
absdiff__compact__day110plus_margin_mean,compact_performance,0.0,1115,755,0.04055369265759794,0.09054619795108819,0.29411764705882354,1.0,0.15966017342581193,0.19305640399357316,False,False,False,,below_bounded_prescreen
absdiff__compact__last20_margin_median,compact_performance,0.0,1115,44,0.017625881061825627,0.1475111322593892,0.17647058823529413,1.0,0.24871444459741993,0.19296975365185873,False,False,False,,below_bounded_prescreen
seedprior__generic_gender_games,prequential_seed_priors,0.0,1115,18,0.0011957287349725514,0.1111111111111111,0.29411764705882354,1.0,0.20409442332395153,0.19249144025148102,False,True,True,43.0,selected
absdiff__rating__elo_mov_538_delta,dynamic_ratings,0.0,1115,1115,0.009252795356681014,0.061629409207385494,0.4117647058823529,1.0,0.12904929035851637,0.19233811272485068,False,False,False,,below_bounded_prescreen
absdiff__norm__rating__pagerank_margin__z,within_season_normalization,0.0,1115,1115,-0.018645724255759603,0.14769640584478622,0.17647058823529413,1.0,0.29978942170235956,0.1912400513913172,False,False,False,,below_bounded_prescreen
absdiff__rating__pagerank_margin_z,global_strength_ratings,0.0,1115,1115,-0.018645724255759603,0.14769640584478622,0.17647058823529413,1.0,0.29978942170235956,0.1912400513913172,False,False,False,,below_bounded_prescreen
absdiff__rating__pagerank_margin,global_strength_ratings,0.0,1115,1115,-0.01716720371264376,0.1476964161496055,0.17647058823529413,1.0,0.2997894158155364,0.19091478205361787,False,False,False,,below_bounded_prescreen
absdiff__rating__margin_ridge_a5p0,global_strength_ratings,0.0,1115,1115,-0.021326675796477425,0.09719569546204211,0.29411764705882354,1.0,0.1995278695236729,0.19042351124547008,False,False,False,,below_bounded_prescreen
absdiff__rating__margin_ridge_a5p0_z,global_strength_ratings,0.0,1115,1115,-0.020646978734666564,0.0971956912839558,0.29411764705882354,1.0,0.1995278687249637,0.19027397591833867,False,False,False,,below_bounded_prescreen
absdiff__norm__schedule__rpi__z,within_season_normalization,0.0,1115,1115,-0.009447813422339236,0.0986227788479573,0.29411764705882354,1.0,0.16269022378257803,0.18996866737804277,False,False,False,,below_bounded_prescreen
diff__compact__margin_iqr,compact_performance,0.0,1115,123,0.05924754750634076,0.11295693846850287,0.17647058823529413,1.0,0.21895272979059116,0.18673097584229975,False,False,False,,below_bounded_prescreen
absdiff__compact__last5_margin_median,compact_performance,0.0,1115,32,-0.0023651205180210484,0.1440943672345753,0.17647058823529413,1.0,0.27992462231820553,0.18672393201147963,False,False,False,,below_bounded_prescreen
absdiff__compact__pythag_residual_exp10p0,compact_performance,0.0,1115,1115,0.0182230832400258,0.03702765265016458,0.4117647058823529,1.0,0.0403794931814397,0.18604952479880357,False,False,False,,below_bounded_prescreen
seedprior__effective_games_pc2p0,prequential_seed_priors,0.0,1115,313,-0.0006869957502153994,0.08972698612491732,0.29411764705882354,1.0,0.11261716406348686,0.18577422937188,False,True,True,44.0,selected
seedprior__effective_games_pc8p0,prequential_seed_priors,0.0,1115,313,-0.0006869957502153994,0.08972698612491732,0.29411764705882354,1.0,0.11261716406348686,0.18577422937188,False,True,False,,correlation_pruned_or_cap
absdiff__norm__schedule__quality_win_points_sum__z,within_season_normalization,0.0,1115,1114,-0.013964725201666302,0.08434296869980401,0.29411764705882354,1.0,0.12430730791169706,0.1856433957332164,False,False,False,,below_bounded_prescreen
absdiff__compact__close5_win_pct,compact_performance,0.003587443946188341,1111,252,0.039727027480062224,0.07114880684947099,0.29411764705882354,1.0,0.1414763030211727,0.18400414922622957,False,False,False,,below_bounded_prescreen
absdiff__compact__away_margin_mean,compact_performance,0.0,1115,964,0.0341792832024977,0.07596009533863661,0.29411764705882354,1.0,0.17671939673986378,0.18397033572691227,False,False,False,,below_bounded_prescreen
diff__compact__last10_points_for_mean,compact_performance,0.0,1115,320,0.041089534037567044,0.11137078234171213,0.17647058823529413,1.0,0.19223361141664227,0.18304362267326796,False,False,False,,below_bounded_prescreen
absdiff__compact__last5_margin_mean,compact_performance,0.0,1115,113,0.06097033891979101,0.09332351094013286,0.17647058823529413,1.0,0.16422552187212167,0.17987503305638,False,False,False,,below_bounded_prescreen
mean__compact__margin_std,compact_performance,0.0,1115,1115,-0.04332296854840624,0.1038050728738454,0.17647058823529413,1.0,0.21557212194983022,0.17896989729974902,False,False,False,,below_bounded_prescreen
absdiff__norm__rating__bt_c1p0__z,within_season_normalization,0.0,1115,1115,-0.010688967007933313,0.1114428268289075,0.17647058823529413,1.0,0.16445397089241973,0.1775012649015712,False,False,False,,below_bounded_prescreen
absdiff__rating__bt_c1p0_z,global_strength_ratings,0.0,1115,1115,-0.010688967007933313,0.1114428268289075,0.17647058823529413,1.0,0.16445397089241973,0.1775012649015712,False,False,False,,below_bounded_prescreen
absdiff__rating__bt_c1p0,global_strength_ratings,0.0,1115,1115,-0.010010052254389208,0.11144281137783156,0.17647058823529413,1.0,0.1644539456725921,0.17735189724806816,False,False,False,,below_bounded_prescreen
absdiff__rating__pagerank_binary_z,global_strength_ratings,0.0,1115,1115,-0.011902299867917993,0.11331633707598125,0.17647058823529413,1.0,0.20784683470383158,0.17693176849690676,False,False,False,,below_bounded_prescreen
diff__compact__margin_mad,compact_performance,0.0,1115,37,0.05362429208099215,0.05003204798001238,0.29411764705882354,1.0,0.15639887659377197,0.1766155957538851,False,False,False,,below_bounded_prescreen
absdiff__rating__pagerank_binary,global_strength_ratings,0.0,1115,1115,-0.010332398604186038,0.1133163420288933,0.17647058823529413,1.0,0.2078468399537766,0.1765863923862857,False,False,False,,below_bounded_prescreen
absdiff__compact__half_delta_marginmean,compact_performance,0.0,1115,1068,0.03129587190794765,0.09884177039577616,0.17647058823529413,1.0,0.1630654840539489,0.17604181636521016,False,False,False,,below_bounded_prescreen
absdiff__compact__days_since_last_game,compact_performance,0.0,1115,9,-0.05519042669572665,0.08776272149377909,0.17647058823529413,1.0,0.17098928917719788,0.17566372274063297,False,False,False,,below_bounded_prescreen
absdiff__rating__elo_mov_log_delta,dynamic_ratings,0.0,1115,1115,0.006939619205170879,0.06849558903100844,0.29411764705882354,1.0,0.1471574109218224,0.17557712605256054,False,False,False,,below_bounded_prescreen
mean__compact__neutral_margin_std,compact_performance,0.08251121076233184,1023,1021,-0.03123443260966933,0.07080065764762877,0.29411764705882354,1.0,0.14507737736724882,0.1755107224187243,False,False,False,,below_bounded_prescreen
absdiff__compact__margin_mad,compact_performance,0.0,1115,19,0.005611153403791765,0.06588811800857275,0.29411764705882354,1.0,0.11519274542917937,0.1753118641051937,False,False,False,,below_bounded_prescreen
absdiff__rating__margin_ridge_a5p0_percentile,global_strength_ratings,0.0,1115,602,-0.043189450096771435,0.09254510749469638,0.17647058823529413,1.0,0.19061192725028592,0.17453414764637962,False,False,False,,below_bounded_prescreen
absdiff__norm__compact__win_pct__pct,within_season_normalization,0.0,1115,709,-0.046166293918278735,0.09018913698203618,0.17647058823529413,1.0,0.18267200846322004,0.17437578419251695,False,False,False,,below_bounded_prescreen
absdiff__compact__pythag_exp10p0,compact_performance,0.0,1115,1115,-0.020602660709201977,0.057667875607272705,0.29411764705882354,1.0,0.12926163239208707,0.17410152388124361,False,False,False,,below_bounded_prescreen
absdiff__norm__rating__margin_ridge_a25p0__pct,within_season_normalization,0.0,1115,570,-0.041928690586247465,0.09269127096820892,0.17647058823529413,1.0,0.2010841339233282,0.17390805075442867,False,False,False,,below_bounded_prescreen
absdiff__rating__margin_ridge_a25p0_percentile,global_strength_ratings,0.0,1115,570,-0.041928690586247465,0.09269127096820892,0.17647058823529413,1.0,0.2010841339233282,0.17390805075442867,False,False,False,,below_bounded_prescreen
absdiff__norm__adj__net_rtg_a10p0__z,within_season_normalization,0.0,1115,1115,-0.01654638796225548,0.10149823689870689,0.17647058823529413,1.0,0.19468979788630641,0.17280706126527032,False,False,False,,below_bounded_prescreen
absdiff__norm__adj__net_rtg_a10p0__pct,within_season_normalization,0.0,1115,572,-0.045843962996885146,0.08725803518969369,0.17647058823529413,1.0,0.19256873166297794,0.17250207360149564,False,False,False,,below_bounded_prescreen
absdiff__rating__elo_standard_z,dynamic_ratings,0.0,1115,1115,-0.015331954188451725,0.09895672155576742,0.17647058823529413,1.0,0.18372487582182426,0.17175855535300183,False,False,False,,below_bounded_prescreen
absdiff__compact__margin_slope,compact_performance,0.0,1115,1114,0.03412944101547399,0.09086805784959032,0.17647058823529413,1.0,0.1913319357849252,0.17170716147745768,False,False,False,,below_bounded_prescreen
absdiff__rating__elo_standard,dynamic_ratings,0.0,1115,1115,-0.014618497710839118,0.09895671455798247,0.17647058823529413,1.0,0.18372487247554076,0.17160159170284162,False,False,False,,below_bounded_prescreen
absdiff__compact__last5_margin_std,compact_performance,0.0,1115,1114,0.035985309653474185,0.0849357870618074,0.17647058823529413,1.0,0.13610101179400197,0.17147719955931887,False,False,False,,below_bounded_prescreen
absdiff__compact__away_win_pct,compact_performance,0.0,1115,412,0.010625176045797078,0.0972953824845239,0.17647058823529413,1.0,0.15198329073990452,0.17119528481069773,False,False,False,,below_bounded_prescreen
absdiff__rating__margin_ridge_a25p0,global_strength_ratings,0.0,1115,1115,-0.011666760088037593,0.09716552293405338,0.17647058823529413,1.0,0.17479735345303482,0.17044953820723957,False,False,False,,below_bounded_prescreen
absdiff__compact__day120plus_win_pct,compact_performance,0.0,1115,30,0.013579903689906588,0.09670059586643356,0.17647058823529413,1.0,0.1830240726452524,0.17031819603950452,False,False,False,,below_bounded_prescreen
absdiff__norm__rating__margin_ridge_a25p0__z,within_season_normalization,0.0,1115,1115,-0.010775116115736947,0.09716552408569827,0.17647058823529413,1.0,0.17479735816608688,0.17025337689760087,False,False,False,,below_bounded_prescreen
absdiff__rating__margin_ridge_a25p0_z,global_strength_ratings,0.0,1115,1115,-0.010775116115736947,0.09716552408569827,0.17647058823529413,1.0,0.17479735816608688,0.17025337689760087,False,False,False,,below_bounded_prescreen
diff__compact__last5_win_pct,compact_performance,0.0,1115,9,-0.003292954562656107,0.05417717904573477,0.29411764705882354,1.0,0.09625543041251397,0.16993810225864825,False,False,False,,below_bounded_prescreen
absdiff__compact__home_margin_std,compact_performance,0.0,1115,1115,-0.0058797514763121615,0.10194026948216045,0.17647058823529413,1.0,0.23112380138433913,0.16921521673849918,False,False,False,,below_bounded_prescreen
mean__compact__close5_games,compact_performance,0.0,1115,24,-0.009144612916803041,0.08999154119267315,0.17647058823529413,1.0,0.1469264825236745,0.16756598943087986,False,False,False,,below_bounded_prescreen
absdiff__compact__pythag_residual_exp11p5,compact_performance,0.0,1115,1115,0.013854342123870938,0.03995693959204896,0.29411764705882354,1.0,0.05654796771541284,0.16702419109223038,False,False,False,,below_bounded_prescreen
mean__compact__day90plus_games,compact_performance,0.0,1115,11,0.006666488182068545,0.06055725874547378,0.25,1.0,0.12424612885369918,0.16556426644373454,False,False,False,,below_bounded_prescreen
mean__compact__home_games,compact_performance,0.0,1115,21,-0.006902982426576107,0.08499103657426704,0.17647058823529413,1.0,0.16415840807997623,0.16398331148394293,False,False,False,,below_bounded_prescreen
diff__compact__last5_points_against_mean,compact_performance,0.0,1115,216,-0.003570073341876431,0.08563963606830288,0.17647058823529413,1.0,0.15648549203292544,0.16386831588432824,False,False,False,,below_bounded_prescreen
mean__compact__home_margin_std,compact_performance,0.0,1115,1115,-0.01395249600875081,0.12363365165410566,0.058823529411764705,1.0,0.20075775958994826,0.1637951562381803,False,False,False,,below_bounded_prescreen
mean__compact__away_margin_std,compact_performance,0.0,1115,1115,0.00048598881120292707,0.08124350614884193,0.17647058823529413,1.0,0.14190403558401163,0.16166293318419536,False,False,False,,below_bounded_prescreen
absdiff__compact__pythag_exp8p0,compact_performance,0.0,1115,1115,-0.01337216024070734,0.07241143140456756,0.17647058823529413,1.0,0.13175017128415895,0.16066464959342874,False,False,False,,below_bounded_prescreen
mean__compact__rest_days_std,compact_performance,0.0,1115,1114,0.03191590815511135,0.10484001291959999,0.058823529411764705,1.0,0.15745491575582732,0.16045827407118177,False,False,False,,below_bounded_prescreen
absdiff__compact__margin_std,compact_performance,0.0,1115,1115,-0.01919892271821202,0.11196143880538487,0.058823529411764705,1.0,0.1821309433556177,0.16009178059624904,False,False,False,,below_bounded_prescreen
diff__compact__last5_margin_mean,compact_performance,0.0,1115,201,0.05321596661750578,0.04910543030717939,0.17647058823529413,1.0,0.09303040936013694,0.15979219694653896,False,False,False,,below_bounded_prescreen
absdiff__compact__margin_q90,compact_performance,0.0,1115,217,0.011933590093477192,0.06850667799129101,0.17647058823529413,1.0,0.1018955175030909,0.1596680686739081,False,False,False,,below_bounded_prescreen
absdiff__norm__detailed__all__efg_ros__pct,within_season_normalization,0.0,1115,771,-0.025417148820723757,0.1090103081479077,0.058823529411764705,1.0,0.21567926479977859,0.15870131476544613,False,False,False,,below_bounded_prescreen
absdiff__compact__margin_winsor02,compact_performance,0.0,1115,1115,0.009178147857564718,0.06960675660031905,0.17647058823529413,1.0,0.13482318677310548,0.15827280234354024,False,False,False,,below_bounded_prescreen
absdiff__rating__bt_c0p25_z,global_strength_ratings,0.0,1115,1115,-0.003010549985554248,0.11788437789789062,0.058823529411764705,1.0,0.2142167444603149,0.15808991731527922,False,False,False,,below_bounded_prescreen
absdiff__rating__bt_c0p25,global_strength_ratings,0.0,1115,1115,-0.002202669566917415,0.11788437793449798,0.058823529411764705,1.0,0.21421675168513699,0.15791218335175775,False,False,False,,below_bounded_prescreen
mean__compact__games,compact_performance,0.0,1115,15,-0.004570476543847653,0.07105310669155017,0.17647058823529413,1.0,0.13656883916711776,0.15788353660255292,False,False,False,,below_bounded_prescreen
absdiff__rating__elo_mov_log_z,dynamic_ratings,0.0,1115,1115,-0.016283095626686162,0.06297492301063931,0.17647058823529413,1.0,0.11169302421208377,0.15757781723214154,False,False,False,,below_bounded_prescreen
absdiff__rating__elo_mov_log,dynamic_ratings,0.0,1115,1115,-0.016046241713523254,0.0629749261970145,0.17647058823529413,1.0,0.11169302523222589,0.15752571085990008,False,False,False,,below_bounded_prescreen
absdiff__compact__day90plus_win_pct,compact_performance,0.0,1115,278,0.024911191122885697,0.10469738951876388,0.058823529411764705,1.0,0.21345594140192356,0.15660873606584694,False,False,False,,below_bounded_prescreen
absdiff__norm__compact__margin_mean__z,within_season_normalization,0.0,1115,1109,0.009527508144087489,0.06667964817806583,0.17647058823529413,1.0,0.14443403584521303,0.15656021560100938,False,False,False,,below_bounded_prescreen
absdiff__norm__compact__margin_trim02__z,within_season_normalization,0.0,1115,1109,0.009527508144087489,0.06667964817806583,0.17647058823529413,1.0,0.14443403584521303,0.15656021560100938,False,False,False,,below_bounded_prescreen
seedprior__favorite_prob_pc8p0,prequential_seed_priors,0.0,1115,453,-0.003152834091960895,0.1127128730567571,0.058823529411764705,1.0,0.19223570784132038,0.15651813895970434,False,True,True,45.0,selected
absdiff__compact__margin_mean,compact_performance,0.0,1115,1085,0.009003372820689245,0.06667965247328198,0.17647058823529413,1.0,0.14443404106875257,0.15644490768262392,False,False,False,,below_bounded_prescreen
absdiff__compact__margin_trim02,compact_performance,0.0,1115,1085,0.009003372820689245,0.06667965247328198,0.17647058823529413,1.0,0.14443404106875257,0.15644490768262392,False,False,False,,below_bounded_prescreen
mean__compact__last10_margin_std,compact_performance,0.0,1115,1115,0.007072898983631306,0.11303350643994929,0.058823529411764705,1.0,0.22051997788548844,0.15640308645803738,False,False,False,,below_bounded_prescreen
absdiff__norm__rating__elo_mov_538__z,within_season_normalization,0.0,1115,1115,-0.016003043583038768,0.058482739901174516,0.17647058823529413,1.0,0.11273180701365237,0.15531840657793328,False,False,False,,below_bounded_prescreen
absdiff__rating__elo_mov_538_z,dynamic_ratings,0.0,1115,1115,-0.016003043583038768,0.058482739901174516,0.17647058823529413,1.0,0.11273180701365237,0.15531840657793328,False,False,False,,below_bounded_prescreen
absdiff__compact__half_marginmean_first,compact_performance,0.0,1115,918,0.007231841990401286,0.1073320581177577,0.058823529411764705,1.0,0.1803766867745191,0.15530709036931356,False,False,False,,below_bounded_prescreen
absdiff__rating__elo_mov_538,dynamic_ratings,0.0,1115,1115,-0.01577429326548239,0.05848273648654937,0.17647058823529413,1.0,0.11273180603184668,0.155268079908323,False,False,False,,below_bounded_prescreen
seedprior__favorite_prob_pc2p0,prequential_seed_priors,0.0,1115,453,-0.0004747938701526692,0.1109382956343127,0.058823529411764705,1.0,0.19382029033875725,0.15501378964823576,False,True,False,,correlation_pruned_or_cap
absdiff__compact__win_pct,compact_performance,0.0,1115,694,0.0015454333661409916,0.1085003785148297,0.058823529411764705,1.0,0.17892553659300936,0.15467492026983126,False,False,False,,below_bounded_prescreen
absdiff__rating__elo_standard_preseason,dynamic_ratings,0.0,1115,1115,-0.018679931949274645,0.10237279082269474,0.058823529411764705,1.0,0.2040883167326651,0.15449675666030963,False,False,False,,below_bounded_prescreen
absdiff__norm__compact__win_pct__z,within_season_normalization,0.0,1115,995,0.000730715349497047,0.10850038637801783,0.058823529411764705,1.0,0.17892552657732158,0.15449568648112738,False,False,False,,below_bounded_prescreen
absdiff__compact__home_win_pct,compact_performance,0.0,1115,357,-0.0025603809635292366,0.062121476347778336,0.17647058823529413,1.0,0.1159354467418626,0.1539794687068826,False,False,False,,below_bounded_prescreen
mean__compact__rest_days_mean,compact_performance,0.0,1115,720,0.00435204971701004,0.10073811969466744,0.058823529411764705,1.0,0.1716251347104544,0.15185850770864678,False,False,False,,below_bounded_prescreen
mean__compact__last20_margin_std,compact_performance,0.0,1115,1115,-0.0063064002055547375,0.09754682166668038,0.058823529411764705,1.0,0.15080790441174938,0.151589330974641,False,False,False,,below_bounded_prescreen
absdiff__rating__elo_season_reset_mov,dynamic_ratings,0.0,1115,1115,-0.005437116648870319,0.0966635035488291,0.058823529411764705,1.0,0.17758407738178217,0.1499030489768005,False,False,False,,below_bounded_prescreen
absdiff__rating__elo_season_reset_mov_delta,dynamic_ratings,0.0,1115,1115,-0.005437116648870319,0.0966635035488291,0.058823529411764705,1.0,0.17758407738178217,0.1499030489768005,False,False,False,,below_bounded_prescreen
absdiff__rating__elo_season_reset_mov_z,dynamic_ratings,0.0,1115,1115,-0.005347176887348445,0.0966634962994917,0.058823529411764705,1.0,0.17758406055194875,0.14988325942277708,False,False,False,,below_bounded_prescreen
mean__compact__day120plus_games,compact_performance,0.0,1115,9,0.009957608907254618,0.048324389273320924,0.17647058823529413,1.0,0.0953188055396623,0.14980892270685062,False,False,False,,below_bounded_prescreen
absdiff__compact__neutral_margin_std,compact_performance,0.08251121076233184,1023,1021,0.01688269438979113,0.10729804169696859,0.058823529411764705,1.0,0.21982949582581712,0.1492349407921621,False,False,False,,below_bounded_prescreen
absdiff__compact__day110plus_win_pct,compact_performance,0.0,1115,109,0.02152886067445677,0.08170071202659743,0.058823529411764705,1.0,0.11919488035229578,0.1485966606129378,False,False,False,,below_bounded_prescreen
mean__compact__away_games,compact_performance,0.0,1115,22,-0.01982787615322508,0.08811340372116311,0.058823529411764705,1.0,0.20370212219353057,0.14792024635800896,False,False,False,,below_bounded_prescreen
absdiff__compact__pythag_residual_exp13p91,compact_performance,0.0,1115,1115,0.0067922064722540235,0.045853452035691696,0.17647058823529413,1.0,0.0972432169825825,0.14784950783937167,False,False,False,,below_bounded_prescreen
absdiff__compact__margin_q75,compact_performance,0.0,1115,86,-0.016166919892479037,0.0846814952009552,0.058823529411764705,1.0,0.16503614328818847,0.1470141590471587,False,False,False,,below_bounded_prescreen
absdiff__compact__neutral_win_pct,compact_performance,0.04394618834080718,1066,84,-0.0033721623603085115,0.10055556242983743,0.058823529411764705,1.0,0.19849967275183777,0.14696462841413413,False,False,False,,below_bounded_prescreen
diff__compact__close3_win_pct,compact_performance,0.03139013452914798,1080,171,0.013353355373695561,0.0907427494957281,0.058823529411764705,1.0,0.16361747957908251,0.1468501127005497,False,False,False,,below_bounded_prescreen
absdiff__compact__last10_win_pct,compact_performance,0.0,1115,8,0.03926058324256719,0.07454776282582092,0.058823529411764705,1.0,0.21984943705727028,0.14503804169335038,False,False,False,,below_bounded_prescreen
absdiff__compact__last5_win_pct,compact_performance,0.0,1115,5,0.006650474664706786,0.0830776183349252,0.058823529411764705,1.0,0.15381406200420844,0.1445995634527136,False,False,False,,below_bounded_prescreen
absdiff__compact__ewm_h10_margin,compact_performance,0.0,1115,1115,0.022189892571362904,0.07635319962597927,0.058823529411764705,1.0,0.16528188723233728,0.14433180140275875,False,False,False,,below_bounded_prescreen
absdiff__compact__margin_iqr,compact_performance,0.0,1115,67,-0.008714765076516539,0.08392657013102836,0.058823529411764705,1.0,0.20062657662208966,0.143588703620726,False,False,False,,below_bounded_prescreen
mean__compact__close3_games,compact_performance,0.0,1115,18,-0.01923350015212815,0.07545224018139451,0.058823529411764705,1.0,0.1595471850746299,0.1434783226234347,False,False,False,,below_bounded_prescreen
absdiff__compact__close3_win_pct,compact_performance,0.03139013452914798,1080,107,0.014443796994280474,0.07893140749982801,0.058823529411764705,1.0,0.1525785879726752,0.14186212136330265,False,False,False,,below_bounded_prescreen
diff__compact__close5_win_pct,compact_performance,0.003587443946188341,1111,360,0.020466484913253202,0.0690808491960593,0.058823529411764705,1.0,0.14419422622508365,0.14101843443620815,False,False,False,,below_bounded_prescreen
absdiff__compact__last20_win_pct,compact_performance,0.0,1115,12,0.015478857815832605,0.06947116746993036,0.058823529411764705,1.0,0.1438816378286477,0.1404080082977862,False,False,False,,below_bounded_prescreen
absdiff__compact__margin_q10,compact_performance,0.0,1115,190,0.016778972601703444,0.06788884135553484,0.058823529411764705,1.0,0.16089285455992922,0.13925406834651669,False,False,False,,below_bounded_prescreen
absdiff__norm__detailed__clean__net_rtg_ros__z,within_season_normalization,0.0,1115,1115,0.005302110857911065,0.06613497086971147,0.058823529411764705,1.0,0.08673702339287764,0.13885353417636917,False,False,False,,below_bounded_prescreen
absdiff__norm__detailed__all__net_rtg_ros__z,within_season_normalization,0.0,1115,1115,0.0058104586311568,0.06538745612017792,0.058823529411764705,1.0,0.08552463540831334,0.13865505912608972,False,False,False,,below_bounded_prescreen
absdiff__compact__last20_margin_std,compact_performance,0.0,1115,1115,-0.0031127168069724235,0.06918747499119988,0.058823529411764705,1.0,0.1367567969754619,0.13783627852017377,False,False,False,,below_bounded_prescreen
diff__compact__day120plus_margin_mean,compact_performance,0.0,1115,634,0.0068460465435514015,0.06539371142559726,0.058823529411764705,1.0,0.13073466035670597,0.1370774900154821,False,False,False,,below_bounded_prescreen
absdiff__compact__neutral_margin_mean,compact_performance,0.04394618834080718,1066,611,-0.0138248218946772,0.06723551334521771,0.058823529411764705,1.0,0.11250492057881492,0.13671038003799868,False,False,False,,below_bounded_prescreen
diff__compact__day110plus_win_pct,compact_performance,0.0,1115,182,0.014561657489755622,0.057334328641686166,0.058823529411764705,1.0,0.08909850088347095,0.13657186706629912,False,False,False,,below_bounded_prescreen
absdiff__norm__adj__net_rtg_a50p0__z,within_season_normalization,0.0,1115,1115,-0.00040607173074957547,0.06657331501232397,0.058823529411764705,1.0,0.12264343178810737,0.13655055442103847,False,False,False,,below_bounded_prescreen
seedprior__pooled_gap_games,prequential_seed_priors,0.051121076233183856,1058,150,-0.017219134641197613,0.06401536396305271,0.058823529411764705,1.0,0.10806641230987823,0.1355150064381613,False,False,False,,below_bounded_prescreen
mean__compact__last5_margin_std,compact_performance,0.0,1115,1114,0.030260570603637765,0.049501133572828815,0.058823529411764705,1.0,0.12179001473119945,0.1349580337643925,False,False,False,,below_bounded_prescreen
absdiff__compact__ewm_h20_margin,compact_performance,0.0,1115,1115,0.0036754455452826414,0.056806895704989833,0.058823529411764705,1.0,0.08600878714571114,0.13404732117841123,False,False,False,,below_bounded_prescreen
absdiff__compact__home_margin_mean,compact_performance,0.0,1115,1054,-0.0025625901674319416,0.053337461900781896,0.058823529411764705,1.0,0.10698700577351458,0.13129803602415213,False,False,False,,below_bounded_prescreen
absdiff__compact__pythag_residual_exp8p0,compact_performance,0.0,1115,1115,0.018041683012712185,0.04245894429247884,0.058823529411764705,1.0,0.07676647875845785,0.13069056907873058,False,False,False,,below_bounded_prescreen
seedprior__gap_games,prequential_seed_priors,0.0,1115,140,-0.0056697082747269156,0.04133854840276523,0.058823529411764705,1.0,0.07615278596307057,0.12745549232112677,False,False,False,,below_bounded_prescreen
mean__compact__day110plus_games,compact_performance,0.0,1115,11,0.010663181365278843,0.03585187330693506,0.058823529411764705,1.0,0.0686829908381317,0.12621924416004726,False,False,False,,below_bounded_prescreen
seedprior__history_games,prequential_seed_priors,0.0,1115,17,-0.011001919470131998,0.0,0.0,1.0,0.0,0.10242042228342904,False,False,False,,below_bounded_prescreen
