Architecture,Universe,Model,ModelDisplay,EvaluationGender,ComplexityRank,Rows,Seasons,MacroSeasonBrier,GameWeightedBrier,SeasonBrierStd,WorstSeasonBrier,LogLoss,ROCAUC,AveragePrecision,AUCPR,Accuracy,BalancedAccuracy,Precision,Recall,F1,MCC,Threshold,TN,FP,FN,TP,PositiveRate,PredictedPositiveRate,CalibrationIntercept,CalibrationSlope,ECE,MCE,Reliability,Resolution,Uncertainty
separate_gender,rich,lgb_classifier,LightGBM classifier,ALL,6,649,5,0.1662481747806984,0.16621864380201531,0.01711172351089996,0.18541377994602307,0.49929011131420237,0.8365170570216327,0.8137103234211894,0.81294956882268,0.7565485362095532,0.7572822922810556,0.7325227963525835,0.77491961414791,0.753125,0.5141685380441722,0.5,250,88,70,241,0.47919876733436056,0.5069337442218799,-0.16867504668790909,0.9534836228681096,0.048177657919651284,0.09882524828646488,0.0031673887103375793,0.08629992611666558,0.24956730871958996
pooled_common,rich,xgb_classifier,XGBoost classifier,ALL,5,649,5,0.16644607751233997,0.1664129791615686,0.01774079650109964,0.18792690716295346,0.4963905384394837,0.8361079929222399,0.826544014628362,0.8261829825644686,0.7380585516178737,0.739659240092087,0.7055393586005831,0.7781350482315113,0.7400611620795107,0.4796836822259053,0.5,237,101,69,242,0.47919876733436056,0.5285053929121726,-0.2060837528387136,0.969400773059981,0.044377621027923704,0.10373124457322636,0.002856967183201983,0.08401675757581845,0.24956730871958996
pooled_common,rich,lgb_classifier,LightGBM classifier,ALL,6,649,5,0.16689716669090363,0.16686369332446516,0.01867470815500977,0.18862138150946972,0.4988798326049497,0.8347000513708404,0.8160998611593148,0.8156085203774325,0.7457627118644068,0.7471841168972012,0.7147058823529412,0.7813504823151125,0.7465437788018433,0.49450467678535664,0.5,241,97,68,243,0.47919876733436056,0.5238828967642527,-0.18792444782811993,0.8967233682721195,0.042559070358554545,0.0996012281824794,0.0027455201237793613,0.08577093560118292,0.24956730871958996
pooled_common,rich,constrained_ensemble,Constrained ensemble,ALL,20,649,5,0.16757076446835031,0.16754065359926637,0.01861768474860288,0.18711271850383665,0.49941599295212386,0.8338724100534637,0.8214776648392783,0.8210912519705474,0.7426810477657936,0.7443539641165167,0.7093023255813954,0.7845659163987139,0.7450381679389313,0.48916884398140714,0.5,238,100,67,244,0.47919876733436056,0.5300462249614792,-0.17990370964622895,0.9048310047946884,0.039865798595415204,0.10403237549531108,0.0028685341515576153,0.08365562506426222,0.24956730871958996
separate_gender,rich,xgb_classifier,XGBoost classifier,ALL,5,649,5,0.1677549315465789,0.16772216359698602,0.02076003640431732,0.18902133083235803,0.501118755336699,0.8341482904925893,0.8187221840309971,0.8183045855916677,0.7503852080123267,0.7516219867196865,0.7210682492581603,0.7813504823151125,0.75,0.5031817485274269,0.5,244,94,68,243,0.47919876733436056,0.5192604006163328,-0.18075707950385167,0.9351841258512693,0.05107342255070737,0.14820021448227072,0.004155838081127765,0.08601539453208251,0.24956730871958996
partial_pooling,rich,partial_pooling_ensemble,Partial-pooling ensemble,ALL,21,649,5,0.16818652904155623,0.16815637804041725,0.018213695739411576,0.1877545287807586,0.5010955990888862,0.8321790749443482,0.8159176920152313,0.8155110877334406,0.7395993836671803,0.7408816758309709,0.7100591715976331,0.7717041800643086,0.7395993836671803,0.48176335166194184,0.5,240,98,71,240,0.47919876733436056,0.5208012326656395,-0.15829005694452503,0.8854013244524818,0.03162780731334471,0.14413680332592282,0.0024779625910939726,0.0838700822172787,0.24956730871958996
pooled_common,rich,hist_classifier,Histogram boosting,ALL,4,649,5,0.16836647971783375,0.168339978181352,0.019490474988715627,0.1855659768944974,0.5086896777608764,0.8317509846077742,0.8090000775482541,0.8084617631188799,0.7473035439137135,0.7481496984341407,0.7220543806646526,0.7684887459807074,0.7445482866043613,0.49596923177485297,0.5,246,92,72,239,0.47919876733436056,0.5100154083204931,-0.17609786545311162,0.779233344018659,0.048304617330413774,0.08401844676899961,0.0032390167156185704,0.08271038386478373,0.24956730871958996
separate_gender,rich,elastic_logistic,Rich elastic-net logistic,ALL,3,649,5,0.16867078561995003,0.16863310772054682,0.018717048853059734,0.19312374233265,0.5003602441492871,0.8325215472136076,0.823351316573,0.8230005329486814,0.7473035439137135,0.7487918339390018,0.7155425219941349,0.7845659163987139,0.7484662576687117,0.49779681551729604,0.5,241,97,67,244,0.47919876733436056,0.5254237288135594,-0.20635865971899087,0.8894209399614637,0.04351149792722647,0.13054560766770285,0.003401919650341371,0.08367340389560037,0.24956730871958996
pooled_common,rich,elastic_logistic,Rich elastic-net logistic,ALL,3,649,5,0.16881682430067485,0.1687818110013403,0.018174585091595967,0.19154045556882762,0.5005812389928886,0.8320839437584429,0.8260477925979434,0.8257042666951386,0.736517719568567,0.7381799501512586,0.7034883720930233,0.7781350482315113,0.7389312977099237,0.4768091702391377,0.5,236,102,69,242,0.47919876733436056,0.5300462249614792,-0.21718140831661764,0.9388733760126009,0.047212741395520647,0.14689973867856543,0.004829631266715169,0.08541276622818303,0.24956730871958996
pooled_common,rich,xgb_margin,XGBoost margin,ALL,8,649,5,0.16965798814493732,0.16962732568058864,0.019323088090789375,0.18955792750723865,0.5059014821121816,0.8294773492646359,0.8171631159608042,0.8167740698393101,0.7534668721109399,0.7545805666013432,0.7253731343283583,0.7813504823151125,0.7523219814241486,0.5089868491600488,0.5,246,92,68,243,0.47919876733436056,0.5161787365177196,-0.12522705668881967,0.8284542607563966,0.040037564016477116,0.08946469437731697,0.0023571615419434146,0.08282705744544035,0.24956730871958996
separate_gender,rich,constrained_ensemble,Constrained ensemble,ALL,20,649,5,0.16979161034745416,0.16975830420088284,0.018965261855245233,0.19140729947224175,0.5068624584610615,0.829230008181282,0.8101457479067722,0.8097184087935072,0.7411402157164869,0.7419756844688826,0.716012084592145,0.7620578778135049,0.7383177570093458,0.4836294184176791,0.5,244,94,74,237,0.47919876733436056,0.5100154083204931,-0.15472574926986707,0.8505815211664287,0.03747878326085181,0.14799736038938205,0.0030570963780847562,0.08249518592712815,0.24956730871958996
pooled_common,rich,lgb_margin,LightGBM margin,ALL,9,649,5,0.16986964073043376,0.16983902669648923,0.01875072170688631,0.18973814876043238,0.508119447393176,0.8290492589280618,0.8151397276307002,0.8147376967282083,0.7473035439137135,0.7484065526360852,0.7194029850746269,0.77491961414791,0.7461300309597523,0.49664304791551855,0.5,244,94,70,241,0.47919876733436056,0.5161787365177196,-0.12700895119845057,0.8291304653007303,0.04269848435212374,0.1009584199387307,0.0027486929678110384,0.08216331440881597,0.24956730871958996
pooled_common,rich,ridge_margin,Ridge margin,ALL,7,649,5,0.17010933731855393,0.17007302568101018,0.019972686246894827,0.1936755900844411,0.5079854487851356,0.8282977225594095,0.8170064797527317,0.8166171655489973,0.7395993836671803,0.7404963945280543,0.713855421686747,0.7620578778135049,0.7371695178849145,0.4807047762398786,0.5,243,95,74,237,0.47919876733436056,0.5115562403697997,-0.12851267760063784,0.832243681718554,0.0565602490814761,0.11561904999129713,0.004611154746555251,0.08346894733521161,0.24956730871958996
separate_gender,rich,ridge_margin,Ridge margin,ALL,7,649,5,0.17062072088446056,0.17059633180733166,0.0188905123868466,0.1864492319411098,0.5103070625837007,0.827279818870222,0.8139832108855406,0.8135864158049828,0.7442218798151001,0.7448058372495672,0.7217125382262997,0.7588424437299035,0.7398119122257053,0.4892023078968627,0.5,247,91,75,236,0.47919876733436056,0.5038520801232665,-0.11996852345955819,0.8265519532018241,0.041375425909880026,0.1484322447041888,0.0034610456717814454,0.07986577085067918,0.24956730871958996
separate_gender,rich,xgb_margin,XGBoost margin,ALL,8,649,5,0.17071531536022377,0.17068486949504527,0.020958090467656756,0.19047468186105984,0.5135010173503551,0.8273178713445841,0.8100036974208902,0.8095836111212493,0.7611710323574731,0.7619770163054853,0.7363636363636363,0.7813504823151125,0.7581903276131046,0.5235756257416453,0.5,251,87,68,243,0.47919876733436056,0.5084745762711864,-0.10442760720600146,0.7958151965321951,0.03550345203636183,0.08825386128710289,0.0020361929496793205,0.08020356864610409,0.24956730871958996
separate_gender,rich,hist_classifier,Histogram boosting,ALL,4,649,5,0.17176638252091078,0.1717466493855933,0.01610190049822515,0.18749891146948516,0.5155776637174204,0.8297912821781237,0.8064391004095366,0.8058059867110534,0.7550077041602465,0.7560598565421717,0.7275449101796407,0.7813504823151125,0.7534883720930232,0.5118957547251503,0.5,247,91,68,243,0.47919876733436056,0.514637904468413,-0.14123842722177446,0.7410077693601355,0.05406174353444169,0.22367338285104776,0.006591683260570124,0.0824881484730568,0.24956730871958996
separate_gender,rich,lgb_margin,LightGBM margin,ALL,9,649,5,0.17238503708940728,0.1723471336805784,0.02095235787512251,0.19698434941935433,0.5177886560394256,0.8238836355334006,0.8052305945803576,0.8047819391791502,0.7503852080123267,0.7508514241138531,0.7292307692307692,0.7620578778135049,0.7452830188679245,0.5012690903577433,0.5,250,88,74,237,0.47919876733436056,0.5007704160246533,-0.10755227878642966,0.8119407336839973,0.046656903217742386,0.08134490605687883,0.002740979887861398,0.07850569025331045,0.24956730871958996
separate_gender,rich,tensorflow_mlp,TensorFlow MLP,ALL,11,649,5,0.1755218999859151,0.17547335472877368,0.022557419605933902,0.20702777187071505,0.5245874481772423,0.8205350177895319,0.7995448899970468,0.799077788741481,0.7288135593220338,0.730526646245172,0.6956521739130435,0.7717041800643086,0.7317073170731707,0.46157612097184597,0.5,233,105,71,240,0.47919876733436056,0.5315870570107858,-0.2048777422903636,0.7688898189544813,0.06292009798616877,0.13076043825310002,0.005965019836788431,0.07893793809021932,0.24956730871958996
pooled_common,rich,tensorflow_mlp,TensorFlow MLP,ALL,11,649,5,0.17681913691912388,0.17678920275010135,0.0178202398176683,0.1962464126147272,0.5218471677874875,0.8137807035902509,0.8026777154051914,0.8022241118657345,0.7072419106317411,0.7081470347609353,0.6816816816816816,0.729903536977492,0.7049689440993789,0.41607642630355257,0.5,232,106,84,227,0.47919876733436056,0.5130970724191063,-0.1669282518786052,0.8124523207062604,0.04529030624137063,0.15197737262799182,0.004984248803574707,0.07681781245314451,0.24956730871958996
separate_gender,rich,torch_mlp,PyTorch MLP,ALL,10,649,5,0.17702785154245446,0.17698506659368612,0.02375389932658359,0.20479528329313784,0.5464074202026813,0.817043703266805,0.7854270842175649,0.784710803425829,0.7318952234206472,0.7334852261268289,0.6997084548104956,0.7717041800643086,0.7339449541284404,0.46732624609354,0.5,235,103,71,240,0.47919876733436056,0.5285053929121726,-0.14405828012841798,0.6761530239563319,0.059219208002555375,0.14578161265036693,0.005182277585546145,0.07633037616062348,0.24956730871958996
pooled_common,rich,elo_seed_logistic,Elo + seed logistic,ALL,2,649,5,0.17876166877184582,0.1787391668887563,0.015748135802459755,0.19336539089695512,0.5302112826630323,0.8061416693620503,0.795116044385719,0.7952218991231649,0.724191063174114,0.7262172035236591,0.6885714285714286,0.77491961414791,0.7291981845688351,0.4534449331016929,0.5,229,109,70,241,0.47919876733436056,0.539291217257319,-0.13702810787612724,0.999644409698323,0.03656432789123298,0.111837974534585,0.0025371884381477712,0.07197435301919221,0.24956730871958996
pooled_common,rich,seed_logistic,Seed logistic,ALL,1,649,5,0.1787636241900866,0.17874110754594597,0.01575032159970704,0.1933769262373516,0.5302174956958957,0.8058990848379916,0.7942348091672732,0.7947923871263912,0.724191063174114,0.7262172035236591,0.6885714285714286,0.77491961414791,0.7291981845688351,0.4534449331016929,0.5,229,109,70,241,0.47919876733436056,0.539291217257319,-0.13701390023100413,0.9994003508638505,0.0369280649432324,0.11186003123338406,0.002492987607245636,0.07248497386852977,0.24956730871958996
pooled_common,rich,torch_mlp,PyTorch MLP,ALL,10,649,5,0.1794778272947149,0.17943017709800305,0.021715912686427603,0.2104028049607179,0.5318235969338374,0.8102989021861147,0.7961715212990013,0.795664667719368,0.7072419106317411,0.7091744515687133,0.673352435530086,0.7556270096463023,0.7121212121212122,0.41918317082246764,0.5,224,114,76,235,0.47919876733436056,0.5377503852080123,-0.179697854309758,0.730153074846614,0.06597978805887075,0.14008571999863928,0.007238937417584723,0.07483732472053814,0.24956730871958996
separate_gender,rich,seed_logistic,Seed logistic,ALL,1,649,5,0.17970368184108879,0.17969015749542283,0.020458868711376046,0.20423243118864054,0.5315082239653103,0.8085199490096844,0.7903253636999304,0.7907233014906991,0.7288135593220338,0.7310403546490611,0.6912181303116147,0.7845659163987139,0.7349397590361446,0.4634716506444508,0.5,229,109,67,244,0.47919876733436056,0.5439137134052389,-0.17918972714329653,0.9057229122423894,0.05493237349310001,0.1257075490340237,0.004313856773427922,0.0720042715748628,0.24956730871958996
separate_gender,rich,elo_seed_logistic,Elo + seed logistic,ALL,2,649,5,0.17970471994574724,0.17969119469755404,0.02046631782347172,0.20424402349369078,0.5315186711335719,0.8086008105177039,0.7907284752532896,0.7907490708539835,0.7288135593220338,0.7310403546490611,0.6912181303116147,0.7845659163987139,0.7349397590361446,0.4634716506444508,0.5,229,109,67,244,0.47919876733436056,0.5439137134052389,-0.17922057010994433,0.9059495445477538,0.05183179611047689,0.1256661860611109,0.0037776860461164793,0.07210049587142114,0.24956730871958996
pooled_common,rich,constant_probability,Constant 0.50,ALL,0,649,5,0.25,0.25,0.0,0.25,0.6931471805599453,0.5,0.47919876733436056,0.7395993836671803,0.47919876733436056,0.5,0.47919876733436056,1.0,0.6479166666666667,0.0,0.5,0,338,0,311,0.47919876733436056,1.0,-0.08325298330378461,0.0,0.020801232665639435,0.020801232665639435,0.0004326912804100651,0.0,0.24956730871958996
separate_gender,rich,constant_probability,Constant 0.50,ALL,0,649,5,0.25,0.25,0.0,0.25,0.6931471805599453,0.5,0.47919876733436056,0.7395993836671803,0.47919876733436056,0.5,0.47919876733436056,1.0,0.6479166666666667,0.0,0.5,0,338,0,311,0.47919876733436056,1.0,-0.08325298330378461,0.0,0.020801232665639435,0.020801232665639435,0.0004326912804100651,0.0,0.24956730871958996
pooled_common,rich,hist_classifier,Histogram boosting,M,4,334,5,0.1806688479903381,0.18058886562262222,0.030977556666365626,0.20962081957398307,0.5406793555261393,0.8077200577200577,0.7722920521232517,0.7682942797207509,0.7365269461077845,0.7377344877344878,0.6987951807228916,0.7532467532467533,0.725,0.4740346766491302,0.5,130,50,38,116,0.46107784431137727,0.49700598802395207,-0.21784552412265398,0.8322309939398992,0.06241587541575848,0.16214989770593874,0.006513034306685515,0.07180366923139216,0.24848506579655064
pooled_common,rich,lgb_classifier,LightGBM classifier,M,6,334,5,0.18257382942508196,0.18247187547815208,0.027135367597947286,0.21662644769967013,0.5409651635149819,0.8045454545454547,0.7714947221462205,0.7690809908913839,0.7275449101796407,0.7312770562770563,0.6779661016949152,0.7792207792207793,0.7250755287009063,0.4619794954326231,0.5,123,57,34,120,0.46107784431137727,0.5299401197604791,-0.23486846154982396,0.8868040003244871,0.06159309931140056,0.17981931584986954,0.005962412291157262,0.07116057040231234,0.24848506579655064
separate_gender,rich,ridge_margin,Ridge margin,M,7,334,5,0.18265410931260168,0.18260968120435814,0.016228309603694004,0.19993028606707802,0.5431958152320185,0.7998917748917749,0.7847463682431212,0.7837815534700102,0.718562874251497,0.7201298701298702,0.6785714285714286,0.7402597402597403,0.7080745341614907,0.4389316535528061,0.5,126,54,40,114,0.46107784431137727,0.5029940119760479,-0.14642305543679537,0.9308954666700768,0.054962204615839456,0.11502676312349852,0.004682032506569269,0.06959685291749589,0.24848506579655064
separate_gender,rich,lgb_classifier,LightGBM classifier,M,6,334,5,0.18272502587990885,0.18266957371172637,0.01709591908954784,0.20124605005285362,0.5418913142368369,0.8024531024531023,0.7690135742947495,0.7673093999965976,0.7305389221556886,0.7317099567099568,0.6927710843373494,0.7467532467532467,0.71875,0.46202196177805205,0.5,129,51,39,115,0.46107784431137727,0.49700598802395207,-0.21060443417321525,0.9051881043059407,0.05366576994646299,0.18128355069762148,0.007038475419121086,0.07228666046816994,0.24848506579655064
pooled_common,rich,xgb_classifier,XGBoost classifier,M,5,334,5,0.18323013475646033,0.18313381229948072,0.02510799617689585,0.21540183538764912,0.5405253954262537,0.8029220779220779,0.7818639272243837,0.7807810467296159,0.7095808383233533,0.7136724386724387,0.659217877094972,0.7662337662337663,0.7087087087087087,0.42715230157134526,0.5,119,61,36,118,0.46107784431137727,0.5359281437125748,-0.25015782846504797,0.9197597869217711,0.053672746727298846,0.15751172827951837,0.004746346513724727,0.06801712467344921,0.24848506579655064
pooled_common,rich,constrained_ensemble,Constrained ensemble,M,20,334,5,0.1833593907777637,0.18327764217047374,0.023235422648628653,0.21066342561260118,0.5427528797327926,0.8015512265512266,0.7778804163282957,0.776482982235954,0.7155688622754491,0.7196969696969697,0.664804469273743,0.7727272727272727,0.7147147147147147,0.43919593391347167,0.5,120,60,35,119,0.46107784431137727,0.5359281437125748,-0.21880951661271514,0.9227313559581027,0.06055158063883617,0.1536023413606784,0.00546103030629098,0.06977830818877152,0.24848506579655064
partial_pooling,rich,partial_pooling_ensemble,Partial-pooling ensemble,M,21,334,5,0.18345636723019035,0.1833738097941474,0.02236450354384168,0.21103055086853903,0.5419219967052206,0.7979437229437231,0.7719780621292265,0.7707373350102513,0.7095808383233533,0.7127344877344878,0.6628571428571428,0.7532467532467533,0.7051671732522796,0.42466544505309334,0.5,121,59,38,116,0.46107784431137727,0.5239520958083832,-0.17949984964097587,0.9469789445934002,0.050249546530942345,0.12195792390310811,0.004336689086164553,0.06874294575855174,0.24848506579655064
separate_gender,rich,xgb_margin,XGBoost margin,M,8,334,5,0.1837948717598979,0.18372766397096688,0.01881128679375019,0.2062422732628475,0.5494944660650656,0.797943722943723,0.7676608145449113,0.7664209764363226,0.7335329341317365,0.7354256854256854,0.6923076923076923,0.7597402597402597,0.7244582043343654,0.46945625261194024,0.5,128,52,37,117,0.46107784431137727,0.5059880239520959,-0.1262943185517142,0.8535303974111633,0.0784066240592615,0.19319534411711436,0.00997464463579472,0.07235870888470584,0.24848506579655064
pooled_common,rich,ridge_margin,Ridge margin,M,7,334,5,0.18442777144015554,0.1843530007780868,0.020876428722227915,0.2094011725711101,0.5483642223096724,0.7981962481962482,0.7767178090363855,0.7755603974652483,0.7065868263473054,0.7080808080808081,0.6666666666666666,0.7272727272727273,0.6956521739130435,0.4149062238106499,0.5,124,56,42,112,0.46107784431137727,0.5029940119760479,-0.15178547155029795,0.8749199123006731,0.04600292844668684,0.19235751845729365,0.005014204996007419,0.06682165465092742,0.24848506579655064
separate_gender,rich,xgb_classifier,XGBoost classifier,M,5,334,5,0.18475572775572746,0.1846877085417331,0.021465118051351983,0.20747414522985944,0.5456265507117676,0.7968253968253969,0.7688948658134063,0.7678321832140647,0.7215568862275449,0.7243145743145742,0.6763005780346821,0.7597402597402597,0.7155963302752294,0.44755674930664346,0.5,124,56,37,117,0.46107784431137727,0.5179640718562875,-0.22337338275251814,0.9580181654403195,0.04104365392805574,0.11927180421171768,0.002782953657358897,0.06490836892291818,0.24848506579655064
separate_gender,rich,constrained_ensemble,Constrained ensemble,M,20,334,5,0.18518925230318395,0.18510376921834878,0.02239743623226318,0.21374060263812827,0.5469954548193525,0.7949134199134199,0.765429752524257,0.7641991842267856,0.7005988023952096,0.702056277056277,0.6607142857142857,0.7207792207792207,0.6894409937888198,0.40289350893957177,0.5,123,57,43,111,0.46107784431137727,0.5029940119760479,-0.16256546175497497,0.9158886514607285,0.05096222034590138,0.12110491612802388,0.004579245152846742,0.06573025456340192,0.24848506579655064
pooled_common,rich,lgb_margin,LightGBM margin,M,9,334,5,0.18561765286448081,0.18555364750838926,0.019175142448806307,0.20699544179906648,0.5512324147677855,0.7953823953823954,0.7740905411620737,0.772954080278562,0.718562874251497,0.722005772005772,0.6704545454545454,0.7662337662337663,0.7151515151515152,0.4433084374041329,0.5,122,58,36,118,0.46107784431137727,0.5269461077844312,-0.16493653948909678,0.8787627924917609,0.052486612923758065,0.136026783004984,0.004954545220493361,0.06763019799205265,0.24848506579655064
pooled_common,rich,xgb_margin,XGBoost margin,M,8,334,5,0.18571362486355628,0.18564516687016122,0.02115230378907572,0.20857859465751796,0.5511109591465182,0.7952020202020202,0.7748928006714131,0.7736097888560527,0.7275449101796407,0.7308080808080808,0.68,0.7727272727272727,0.723404255319149,0.46074436449884537,0.5,124,56,35,119,0.46107784431137727,0.5239520958083832,-0.1628758353530059,0.8674544355994105,0.057300299296551685,0.10797542509460989,0.004204811634548913,0.06359548666604158,0.24848506579655064
separate_gender,rich,lgb_margin,LightGBM margin,M,9,334,5,0.1864174564886922,0.18634689789319103,0.01886018393093892,0.2099840273860917,0.5553865861103578,0.790764790764791,0.7559840510890412,0.7544633463424008,0.7305389221556886,0.7312409812409812,0.6951219512195121,0.7402597402597403,0.7169811320754716,0.46115298857799614,0.5,130,50,40,114,0.46107784431137727,0.49101796407185627,-0.12351502487490007,0.8846815076669364,0.08463835632524558,0.18700676545278738,0.01016543951731888,0.07119792884051616,0.24848506579655064
separate_gender,rich,elastic_logistic,Rich elastic-net logistic,M,3,334,5,0.18679921336650537,0.18671039954105978,0.02102948909224614,0.2164630310653366,0.5505996435676102,0.7944805194805195,0.7701025989822741,0.7689954940102036,0.7125748502994012,0.7155122655122655,0.6666666666666666,0.7532467532467533,0.7073170731707317,0.430094595677929,0.5,122,58,38,116,0.46107784431137727,0.5209580838323353,-0.24135039317748794,0.9423059564701983,0.06841916378314224,0.1508100705616402,0.007121735356402649,0.0691352093596917,0.24848506579655064
pooled_common,rich,elastic_logistic,Rich elastic-net logistic,M,3,334,5,0.18736829872832156,0.187269623061279,0.023495313980438404,0.22032597152053224,0.5520417515692204,0.7946608946608946,0.7738084449444232,0.7727284279438321,0.6946107784431138,0.6979076479076479,0.6477272727272727,0.7402597402597403,0.6909090909090909,0.3951885095221113,0.5,118,62,40,114,0.46107784431137727,0.5269461077844312,-0.23644829903515052,0.8506925364846165,0.05811408926205831,0.10586158668293666,0.0045625887017113126,0.06374758887872849,0.24848506579655064
separate_gender,rich,hist_classifier,Histogram boosting,M,4,334,5,0.1882177544617304,0.1881811638185979,0.02099986056731018,0.21718285742001525,0.5568146574530639,0.7931818181818182,0.7559956564147483,0.7519763703575776,0.7215568862275449,0.7233766233766233,0.6804733727810651,0.7467532467532467,0.7120743034055728,0.44542953051994083,0.5,126,54,39,115,0.46107784431137727,0.5059880239520959,-0.1683796818972162,0.7488828873328285,0.04580962284231123,0.18039066748440247,0.0062202429510820004,0.0661732189021042,0.24848506579655064
separate_gender,rich,torch_mlp,PyTorch MLP,M,10,334,5,0.19168688929111652,0.1915726494019347,0.028188213191912993,0.22984301227785867,0.5621090465592843,0.7817460317460317,0.7425318905550624,0.7409578807596542,0.6976047904191617,0.7006854256854257,0.6514285714285715,0.7402597402597403,0.6930091185410334,0.40061283208925863,0.5,119,61,40,114,0.46107784431137727,0.5239520958083832,-0.1707172674969164,0.8337116708802845,0.05898016381002022,0.166406989042442,0.005772454416317351,0.06088966835613732,0.24848506579655064
pooled_common,rich,tensorflow_mlp,TensorFlow MLP,M,11,334,5,0.19252498377801971,0.19244502517268855,0.023745790878546457,0.21923115795863168,0.5637969012425006,0.7756132756132755,0.752111761974145,0.7509203699698712,0.6766467065868264,0.6788961038961039,0.6337209302325582,0.7077922077922078,0.6687116564417178,0.35686648254678427,0.5,117,63,45,109,0.46107784431137727,0.5149700598802395,-0.2004226213474147,0.8790195318167042,0.061763592128513616,0.1498945951461792,0.006118466378508865,0.06249341273902929,0.24848506579655064
separate_gender,rich,tensorflow_mlp,TensorFlow MLP,M,11,334,5,0.1937660107040957,0.19363321070744793,0.029852850574927935,0.23812120958446056,0.5680552486368382,0.7776334776334777,0.7459915447789915,0.7447631934685461,0.6916167664670658,0.6965367965367966,0.639344262295082,0.7597402597402597,0.6943620178041543,0.39369188511625874,0.5,114,66,37,117,0.46107784431137727,0.5479041916167665,-0.24305764815733166,0.8281784728273937,0.07622644975279533,0.16833101629334335,0.008906899313706551,0.06086832067716371,0.24848506579655064
pooled_common,rich,torch_mlp,PyTorch MLP,M,10,334,5,0.19616511101618792,0.1960250416483953,0.0303870054688964,0.24294827985891887,0.5727079866811156,0.768975468975469,0.7477665251989561,0.7465954818925933,0.6646706586826348,0.6691919191919192,0.6153846153846154,0.7272727272727273,0.6666666666666666,0.3387261589957917,0.5,110,70,42,112,0.46107784431137727,0.5449101796407185,-0.20312802644209554,0.7785910359317462,0.07631150704688633,0.17028684598026855,0.00904579789697691,0.062061122239813804,0.24848506579655064
separate_gender,rich,elo_seed_logistic,Elo + seed logistic,M,2,334,5,0.20087951275359606,0.20078592704628218,0.022254606363866645,0.2321371389964289,0.5839320975817287,0.7608405483405485,0.7396156362604027,0.7391853451534753,0.6826347305389222,0.6886724386724388,0.6276595744680851,0.7662337662337663,0.6900584795321637,0.37920994552224846,0.5,110,70,36,118,0.46107784431137727,0.562874251497006,-0.24124453892239484,0.8887417852936814,0.07737623349189045,0.13568398882361016,0.008294910886738834,0.05440468822726849,0.24848506579655064
separate_gender,rich,seed_logistic,Seed logistic,M,1,334,5,0.20088245483281458,0.20078889653019547,0.022248593327341293,0.23213092790761045,0.5839413088201183,0.760515873015873,0.7377533900381861,0.7385108821818661,0.6826347305389222,0.6886724386724388,0.6276595744680851,0.7662337662337663,0.6900584795321637,0.37920994552224846,0.5,110,70,36,118,0.46107784431137727,0.562874251497006,-0.24126111111282136,0.888675340207888,0.07507177703305633,0.13381195068359375,0.008174329481515395,0.05529636531445542,0.24848506579655064
pooled_common,rich,elo_seed_logistic,Elo + seed logistic,M,2,334,5,0.20313390922217392,0.20303151447467532,0.02439806183994895,0.23733375488669142,0.5906715647834005,0.7604797979797979,0.7411673808009074,0.7408434262618241,0.6826347305389222,0.6886724386724388,0.6276595744680851,0.7662337662337663,0.6900584795321637,0.37920994552224846,0.5,110,70,36,118,0.46107784431137727,0.562874251497006,-0.24316783018620353,0.7702707843859878,0.09762847870253696,0.16487545739201936,0.011385715181540326,0.054919700982506675,0.24848506579655064
pooled_common,rich,seed_logistic,Seed logistic,M,1,334,5,0.20314079022101642,0.20303833711326483,0.024407365212618482,0.23736012821005079,0.5906985366841911,0.7602092352092353,0.7393138208271615,0.7402652740774076,0.6826347305389222,0.6886724386724388,0.6276595744680851,0.7662337662337663,0.6900584795321637,0.37920994552224846,0.5,110,70,36,118,0.46107784431137727,0.562874251497006,-0.24315196846422943,0.7700468692037503,0.0982931483325041,0.16487285188015766,0.011543438238641244,0.055463928608233085,0.24848506579655064
pooled_common,rich,constant_probability,Constant 0.50,M,0,334,5,0.25,0.25,0.0,0.25,0.6931471805599453,0.5,0.46107784431137727,0.7305389221556886,0.46107784431137727,0.5,0.46107784431137727,1.0,0.6311475409836066,0.0,0.5,0,180,0,154,0.46107784431137727,1.0,-0.15600424847658112,0.0,0.03892215568862273,0.03892215568862273,0.0015149342034493866,0.0,0.24848506579655064
separate_gender,rich,constant_probability,Constant 0.50,M,0,334,5,0.25,0.25,0.0,0.25,0.6931471805599453,0.5,0.46107784431137727,0.7305389221556886,0.46107784431137727,0.5,0.46107784431137727,1.0,0.6311475409836066,0.0,0.5,0,180,0,154,0.46107784431137727,1.0,-0.15600424847658112,0.0,0.03892215568862273,0.03892215568862273,0.0015149342034493866,0.0,0.24848506579655064
pooled_common,rich,xgb_classifier,XGBoost classifier,W,5,315,5,0.14868358783438557,0.1486835878343856,0.010530633987516034,0.15914364902279612,0.44959357896779767,0.8699105055228574,0.8686935624625586,0.8682020901130417,0.7682539682539683,0.7683221801177135,0.7560975609756098,0.7898089171974523,0.7725856697819314,0.5370992446362579,0.5,118,40,33,124,0.4984126984126984,0.5206349206349207,-0.14695783675875335,1.0135435724762516,0.06808284912554044,0.1269072787836194,0.005497511932970407,0.1072651456042393,0.24999748047367096
separate_gender,rich,lgb_classifier,LightGBM classifier,W,6,315,5,0.14877543558028994,0.14877543558028997,0.0182110310726864,0.16882759221505772,0.45411931202480565,0.8704748851084415,0.8563875822068496,0.8552286399511352,0.7841269841269841,0.7841852777553817,0.7730061349693251,0.802547770700637,0.7875,0.5687145569275606,0.5,121,37,31,126,0.4984126984126984,0.5174603174603175,-0.1140715553923333,0.9942310194379871,0.06459261123612246,0.16127573698198272,0.006128009530991613,0.1084108319099073,0.24999748047367096
pooled_common,rich,elastic_logistic,Rich elastic-net logistic,W,3,315,5,0.1491788610711195,0.14917886107111952,0.013490298008721964,0.16138420076227988,0.44601675899131793,0.868499556558897,0.8724772287112564,0.8720288554409362,0.780952380952381,0.7810610336208982,0.7619047619047619,0.8152866242038217,0.7876923076923077,0.5633725678548384,0.5,118,40,29,128,0.4984126984126984,0.5333333333333333,-0.18889504096060672,1.029205356866532,0.055546567102779616,0.13115416130711954,0.004592044381506202,0.10020549378652296,0.24999748047367096
separate_gender,rich,elastic_logistic,Rich elastic-net logistic,W,3,315,5,0.1494654395680029,0.1494654395680029,0.017232486181310475,0.16867305889840686,0.44709053175017616,0.8699105055228573,0.8711952537310469,0.8707273568725069,0.7841269841269841,0.7842255905829235,0.7664670658682635,0.8152866242038217,0.7901234567901234,0.5694852100800364,0.5,119,39,29,128,0.4984126984126984,0.5301587301587302,-0.15997412712430412,0.8512452161393949,0.05243538545524529,0.16760937438812107,0.005108277513865649,0.10638508928063459,0.24999748047367096
separate_gender,rich,xgb_classifier,XGBoost classifier,W,5,315,5,0.14973330006827007,0.14973330006827007,0.022358448429448306,0.1718439009037147,0.45392636278027715,0.8701523824881078,0.8625523315189455,0.8619377714772174,0.780952380952381,0.7810207207933565,0.7682926829268293,0.802547770700637,0.7850467289719626,0.5625178537198547,0.5,120,38,31,126,0.4984126984126984,0.5206349206349207,-0.1234591189371334,0.9172554026112386,0.07560428966664606,0.24718901683245942,0.01054769432066947,0.10850682507172521,0.24999748047367096
pooled_common,rich,lgb_classifier,LightGBM classifier,W,6,315,5,0.15031406526309554,0.15031406526309554,0.010337832105571277,0.1592827407387836,0.45425602141780463,0.8641860840119326,0.8558154681954162,0.8551837968865359,0.765079365079365,0.7651374667419173,0.754601226993865,0.7834394904458599,0.76875,0.5305958778512754,0.5,118,40,34,123,0.4984126984126984,0.5174603174603175,-0.12598814924204815,0.9043678399880449,0.04741426590878644,0.12803701712146365,0.003949108290734732,0.10281046050439292,0.24999748047367096
pooled_common,rich,constrained_ensemble,Constrained ensemble,W,20,315,5,0.15085444984439883,0.1508544498443988,0.014502897064964772,0.16359463774910027,0.4534651352227799,0.8655164073208095,0.8615495444569691,0.8610067187928483,0.7714285714285715,0.7715068934935096,0.7575757575757576,0.7961783439490446,0.7763975155279503,0.5436277585139253,0.5,118,40,32,125,0.4984126984126984,0.5238095238095238,-0.12924043804051746,0.8905190573441,0.05348524731445201,0.22452105411129808,0.006882545348771026,0.10556903705329203,0.24999748047367096
partial_pooling,rich,partial_pooling_ensemble,Partial-pooling ensemble,W,21,315,5,0.1520210694507478,0.1520210694507478,0.015318120101180789,0.167372645636366,0.45780665685442384,0.8650729662178505,0.8591697355567568,0.8586096248692336,0.7714285714285715,0.7714867370797388,0.7607361963190185,0.7898089171974523,0.775,0.5433021042100371,0.5,119,39,33,124,0.4984126984126984,0.5174603174603175,-0.13019171731529805,0.8400766192391197,0.06034995142350645,0.17292545388800096,0.006176208812732033,0.10310487934719886,0.24999748047367096
pooled_common,rich,xgb_margin,XGBoost margin,W,8,315,5,0.1526433289906927,0.15264332899069266,0.017637367046893004,0.1696315143021841,0.45796508424085325,0.8636620172538901,0.8593686564132634,0.8588212511595679,0.780952380952381,0.7809804079658147,0.775,0.7898089171974523,0.7823343848580442,0.5620287909514452,0.5,122,36,33,124,0.4984126984126984,0.5079365079365079,-0.07681197410471816,0.7986926521599309,0.04614509240150919,0.16666466306680117,0.004505181267404948,0.10073672778549891,0.24999748047367096
pooled_common,rich,seed_logistic,Seed logistic,W,1,315,5,0.15297833079837614,0.1529783307983761,0.0122774730951331,0.16743009853356736,0.4660883919178299,0.8585624445698621,0.8538047342013328,0.854087815768201,0.7682539682539683,0.7683020237039426,0.7592592592592593,0.7834394904458599,0.7711598746081505,0.5368204985672701,0.5,119,39,34,123,0.4984126984126984,0.5142857142857142,0.031303938084008026,1.3965525926216675,0.05939511366425055,0.11640735436230898,0.004671121648465787,0.10089993823096742,0.24999748047367096
pooled_common,rich,elo_seed_logistic,Elo + seed logistic,W,2,315,5,0.1529815665913056,0.1529815665913056,0.01228004750141977,0.16743891354546042,0.46610418987508623,0.8588849471901959,0.8548154834521962,0.854429861387319,0.7682539682539683,0.7683020237039426,0.7592592592592593,0.7834394904458599,0.7711598746081505,0.5368204985672701,0.5,119,39,34,123,0.4984126984126984,0.5142857142857142,0.031283467758962756,1.3967804523333032,0.06033261677930281,0.11639451142400503,0.004727780638328977,0.1010151456042393,0.24999748047367096
pooled_common,rich,lgb_margin,LightGBM margin,W,9,315,5,0.15317653986736351,0.15317653986736357,0.018865097904432606,0.1716590798628157,0.4624060153197807,0.861646375876804,0.8561071949376753,0.8555292593753904,0.7777777777777778,0.7777956945900186,0.7735849056603774,0.7834394904458599,0.7784810126582279,0.5556137879943411,0.5,122,36,34,123,0.4984126984126984,0.5047619047619047,-0.07871332289531967,0.7920343594833208,0.0506992453187008,0.13336646878971803,0.004031474018400505,0.09766453116491519,0.24999748047367096
separate_gender,rich,constrained_ensemble,Constrained ensemble,W,20,315,5,0.1534872397061729,0.1534872397061729,0.01730992845889342,0.17062883332353113,0.46430874168750846,0.861646375876804,0.8539198363791183,0.8533273222616541,0.7841269841269841,0.7841852777553817,0.7730061349693251,0.802547770700637,0.7875,0.5687145569275606,0.5,121,37,31,126,0.4984126984126984,0.5174603174603175,-0.14166126191758377,0.8043173173790036,0.05499166746933206,0.18072524067882711,0.005587992876253524,0.09973506367899608,0.24999748047367096
separate_gender,rich,hist_classifier,Histogram boosting,W,4,315,5,0.15432084678043928,0.15432084678043928,0.014340750132717092,0.16850059339346649,0.4718533592485159,0.8626138837378053,0.8464764167225396,0.8455190271828545,0.7904761904761904,0.7905547045069741,0.7757575757575758,0.8152866242038217,0.7950310559006211,0.5817664542671295,0.5,121,37,29,128,0.4984126984126984,0.5238095238095238,-0.1049867422321269,0.7334832143136094,0.0774495199254033,0.25009799709804925,0.010275604116744157,0.1056298409447411,0.24999748047367096
pooled_common,rich,ridge_margin,Ridge margin,W,7,315,5,0.15493171875268133,0.1549317187526813,0.019686370387972114,0.1772011703365022,0.4651711301908649,0.8587438522937999,0.8569360304035161,0.8563782987412162,0.7746031746031746,0.774671450455535,0.7621951219512195,0.7961783439490446,0.778816199376947,0.5498085491780563,0.5,119,39,32,125,0.4984126984126984,0.5206349206349207,-0.09780648357171351,0.7993436209526092,0.056307027054516595,0.1311680784212601,0.005536393900990724,0.09871419834361464,0.24999748047367096
pooled_common,rich,hist_classifier,Histogram boosting,W,4,315,5,0.15535226895790988,0.15535226895790988,0.00823636881602659,0.16271009108093118,0.4747704638764388,0.8556800774006288,0.8434405449187565,0.8427186010566403,0.7587301587301587,0.7588083528178666,0.7454545454545455,0.7834394904458599,0.7639751552795031,0.5182019613451225,0.5,116,42,34,123,0.4984126984126984,0.5238095238095238,-0.12394033021719168,0.7403077004684468,0.05141876251586172,0.18107588624555715,0.0058961314487724304,0.1014087707962516,0.24999748047367096
separate_gender,rich,tensorflow_mlp,TensorFlow MLP,W,11,315,5,0.15621814235773493,0.15621814235773496,0.016562499258237082,0.17445369426583882,0.4784977803883373,0.8591469805692171,0.848255209449272,0.8475987235910647,0.7682539682539683,0.7683020237039426,0.7592592592592593,0.7834394904458599,0.7711598746081505,0.5368204985672701,0.5,119,39,34,123,0.4984126984126984,0.5142857142857142,-0.15676620799815702,0.7288355540732923,0.05058700299437439,0.14535501962828068,0.0049561366995726774,0.10090953884540674,0.24999748047367096
separate_gender,rich,xgb_margin,XGBoost margin,W,8,315,5,0.15685536678089346,0.15685536678089343,0.025499990132286328,0.18113125207024436,0.47533653522110664,0.8559219543658793,0.84995358368713,0.8493532558412472,0.7904761904761904,0.7905143916794324,0.782608695652174,0.802547770700637,0.7924528301886793,0.5811693718474389,0.5,123,35,31,126,0.4984126984126984,0.5111111111111111,-0.0751628743769949,0.7527341718347544,0.07135596835761822,0.17823489918382485,0.009332848330724064,0.10398173546599046,0.24999748047367096
separate_gender,rich,seed_logistic,Seed logistic,W,1,315,5,0.15731879610617186,0.1573187961061719,0.029046197054962763,0.20362327593960103,0.4759125085954502,0.849673466096912,0.8384997182580303,0.8384099741652359,0.7777777777777778,0.7778561638313312,0.7636363636363637,0.802547770700637,0.782608695652174,0.5563406570983267,0.5,119,39,31,126,0.4984126984126984,0.5238095238095238,-0.09467890785975831,0.9192117189652026,0.05055328598739897,0.173897521467144,0.00491912306591923,0.09817266550369469,0.24999748047367096
separate_gender,rich,elo_seed_logistic,Elo + seed logistic,W,2,315,5,0.157324081667474,0.15732408166747403,0.029062485804689796,0.2036587158259229,0.4759437999155262,0.8496533096831411,0.8388417838651601,0.8382432681212347,0.7777777777777778,0.7778561638313312,0.7636363636363637,0.802547770700637,0.782608695652174,0.5563406570983267,0.5,119,39,31,126,0.4984126984126984,0.5238095238095238,-0.09476537749445946,0.9195558659691971,0.053502973805857126,0.1813116523159407,0.005338416645311332,0.0978981461162721,0.24999748047367096
separate_gender,rich,lgb_margin,LightGBM margin,W,9,315,5,0.15750293924561767,0.15750293924561767,0.024993981423653645,0.18336563916848664,0.47792291431342127,0.8551156978150448,0.8490319550025118,0.84841610907872,0.7714285714285715,0.771466580665968,0.7639751552795031,0.7834394904458599,0.7735849056603774,0.5430645320225704,0.5,120,38,34,123,0.4984126984126984,0.5111111111111111,-0.08578481343789143,0.759696526780906,0.051840399482645,0.1708572791712355,0.005225756625610783,0.098903010427588,0.24999748047367096
separate_gender,rich,ridge_margin,Ridge margin,W,7,315,5,0.1578583676847703,0.15785836768477027,0.023829753955728165,0.1829421822966096,0.4754345439026273,0.8542691284366686,0.8494808454723068,0.8488866167259266,0.7714285714285715,0.771446424252197,0.7672955974842768,0.7770700636942676,0.7721518987341772,0.5429147353736608,0.5,121,37,35,122,0.4984126984126984,0.5047619047619047,-0.08652831933529674,0.7585359190385701,0.05347168427051096,0.19169630974026475,0.006600487986734829,0.09692848405790033,0.24999748047367096
pooled_common,rich,tensorflow_mlp,TensorFlow MLP,W,11,315,5,0.16018906087980256,0.16018906087980256,0.012587504307407096,0.17216715558777962,0.4773671329494736,0.8518906716117068,0.8495995455484091,0.8489502021824087,0.7396825396825397,0.7397202289768605,0.7329192546583851,0.7515923566878981,0.7421383647798742,0.4795564656477896,0.5,115,43,39,118,0.4984126984126984,0.5111111111111111,-0.1242775258044833,0.7723971092770909,0.07135414653383786,0.1804162955377251,0.008203274826447577,0.09853818707889368,0.24999748047367096
separate_gender,rich,torch_mlp,PyTorch MLP,W,10,315,5,0.1615175978382733,0.1615175978382733,0.02357407431912216,0.19102500617571258,0.5297587116213943,0.8503184713375797,0.8266848339207709,0.8255825434691821,0.7682539682539683,0.7683624929452553,0.75,0.802547770700637,0.7753846153846153,0.5379189879818788,0.5,116,42,31,126,0.4984126984126984,0.5333333333333333,-0.10682455857177825,0.5842422187312462,0.07111508014447011,0.2279409819166176,0.010032210766664188,0.09807095717617992,0.24999748047367096
pooled_common,rich,torch_mlp,PyTorch MLP,W,10,315,5,0.16183435246361882,0.16183435246361882,0.013503782310809545,0.176307545543555,0.4884731646303743,0.8504797226477466,0.8440680925101569,0.8433274339888168,0.7523809523809524,0.752479238893816,0.7365269461077845,0.7834394904458599,0.7592592592592593,0.5058770116631824,0.5,114,44,34,123,0.4984126984126984,0.5301587301587302,-0.15074022988953784,0.6998522488158951,0.07228548674038537,0.17028952043619938,0.007921611865439297,0.09645485374556034,0.24999748047367096
pooled_common,rich,constant_probability,Constant 0.50,W,0,315,5,0.25,0.25,0.0,0.25,0.6931471805599454,0.5,0.4984126984126984,0.7492063492063492,0.4984126984126984,0.5,0.4984126984126984,1.0,0.6652542372881356,0.0,0.5,0,158,0,157,0.4984126984126984,1.0,-0.006349227678658724,0.0,0.0015873015873015817,0.0015873015873015817,2.5195263290501205e-06,0.0,0.24999748047367096
separate_gender,rich,constant_probability,Constant 0.50,W,0,315,5,0.25,0.25,0.0,0.25,0.6931471805599454,0.5,0.4984126984126984,0.7492063492063492,0.4984126984126984,0.5,0.4984126984126984,1.0,0.6652542372881356,0.0,0.5,0,158,0,157,0.4984126984126984,1.0,-0.006349227678658724,0.0,0.0015873015873015817,0.0015873015873015817,2.5195263290501205e-06,0.0,0.24999748047367096
