Architecture,Universe,Model,Gender,SeedGapBand,Rows,Brier,ConfidentWrongRate,MeanConfidence
partial_pooling,rich,partial_pooling_ensemble,M,0,24,0.21143977661350855,0.0,0.580112686035028
partial_pooling,rich,partial_pooling_ensemble,M,1-2,57,0.22856965574973256,0.0,0.5989329881098221
partial_pooling,rich,partial_pooling_ensemble,M,3-5,87,0.23120554099493684,0.034482758620689655,0.6573882360856902
partial_pooling,rich,partial_pooling_ensemble,M,6-8,74,0.1594335846882445,0.02702702702702703,0.7624659039586636
partial_pooling,rich,partial_pooling_ensemble,M,9-12,52,0.16259560475719936,0.09615384615384616,0.8395206444405853
partial_pooling,rich,partial_pooling_ensemble,M,13+,40,0.06939721684805746,0.075,0.9471758868362643
partial_pooling,rich,partial_pooling_ensemble,W,0,5,0.3581133274975483,0.2,0.6246276578297565
partial_pooling,rich,partial_pooling_ensemble,W,1-2,64,0.2538232192902643,0.0625,0.6640464569683915
partial_pooling,rich,partial_pooling_ensemble,W,3-5,102,0.1885948974786915,0.0784313725490196,0.7499616559921239
partial_pooling,rich,partial_pooling_ensemble,W,6-8,59,0.1580138790233563,0.1016949152542373,0.8689873431089172
partial_pooling,rich,partial_pooling_ensemble,W,9-12,45,0.027855842152526546,0.022222222222222223,0.9180176239195738
partial_pooling,rich,partial_pooling_ensemble,W,13+,40,0.0009593225713163406,0.0,0.9775031496790593
pooled_common,rich,constant_probability,M,0,24,0.25,0.0,0.5
pooled_common,rich,constant_probability,M,1-2,57,0.25,0.0,0.5
pooled_common,rich,constant_probability,M,3-5,87,0.25,0.0,0.5
pooled_common,rich,constant_probability,M,6-8,74,0.25,0.0,0.5
pooled_common,rich,constant_probability,M,9-12,52,0.25,0.0,0.5
pooled_common,rich,constant_probability,M,13+,40,0.25,0.0,0.5
pooled_common,rich,constant_probability,W,0,5,0.25,0.0,0.5
pooled_common,rich,constant_probability,W,1-2,64,0.25,0.0,0.5
pooled_common,rich,constant_probability,W,3-5,102,0.25,0.0,0.5
pooled_common,rich,constant_probability,W,6-8,59,0.25,0.0,0.5
pooled_common,rich,constant_probability,W,9-12,45,0.25,0.0,0.5
pooled_common,rich,constant_probability,W,13+,40,0.25,0.0,0.5
pooled_common,rich,constrained_ensemble,M,0,24,0.22513193752674585,0.0,0.5700043066117907
pooled_common,rich,constrained_ensemble,M,1-2,57,0.22620756509744758,0.0,0.6015299566284816
pooled_common,rich,constrained_ensemble,M,3-5,87,0.22959664278199166,0.022988505747126436,0.6550414187677477
pooled_common,rich,constrained_ensemble,M,6-8,74,0.15579088616586037,0.02702702702702703,0.7709865940358278
pooled_common,rich,constrained_ensemble,M,9-12,52,0.16541100686204097,0.09615384615384616,0.8441925791923037
pooled_common,rich,constrained_ensemble,M,13+,40,0.07032322296521859,0.075,0.9565896344292797
pooled_common,rich,constrained_ensemble,W,0,5,0.36022633112903374,0.2,0.6266916127258941
pooled_common,rich,constrained_ensemble,W,1-2,64,0.2527658387277674,0.0625,0.6573413340062157
pooled_common,rich,constrained_ensemble,W,3-5,102,0.18679737142802075,0.058823529411764705,0.7431182068784763
pooled_common,rich,constrained_ensemble,W,6-8,59,0.15497508251837297,0.11864406779661017,0.8605011585192873
pooled_common,rich,constrained_ensemble,W,9-12,45,0.02888335188193974,0.022222222222222223,0.9104469941471226
pooled_common,rich,constrained_ensemble,W,13+,40,0.0011098444458482956,0.0,0.9745407459241665
pooled_common,rich,elastic_logistic,M,0,24,0.22570210371992952,0.0,0.5959801686306795
pooled_common,rich,elastic_logistic,M,1-2,57,0.2284994984783982,0.0,0.6118996374701199
pooled_common,rich,elastic_logistic,M,3-5,87,0.24035884223955487,0.022988505747126436,0.6628477723262776
pooled_common,rich,elastic_logistic,M,6-8,74,0.159964713373114,0.05405405405405406,0.7728008280533392
pooled_common,rich,elastic_logistic,M,9-12,52,0.1644776504020663,0.11538461538461539,0.8531733592972159
pooled_common,rich,elastic_logistic,M,13+,40,0.07013215786402574,0.075,0.969541886454681
pooled_common,rich,elastic_logistic,W,0,5,0.3761196643793231,0.2,0.6766899630427361
pooled_common,rich,elastic_logistic,W,1-2,64,0.24985715594314256,0.046875,0.6544578517205082
pooled_common,rich,elastic_logistic,W,3-5,102,0.1852631357736097,0.0196078431372549,0.7227392269517569
pooled_common,rich,elastic_logistic,W,6-8,59,0.1459030096510429,0.06779661016949153,0.8292808606352468
pooled_common,rich,elastic_logistic,W,9-12,45,0.03488625399732524,0.022222222222222223,0.8796908884619673
pooled_common,rich,elastic_logistic,W,13+,40,0.0011221521736388394,0.0,0.9772236251032155
pooled_common,rich,elo_seed_logistic,M,0,24,0.25,0.0,0.5
pooled_common,rich,elo_seed_logistic,M,1-2,57,0.24793303464730604,0.0,0.5469007897272444
pooled_common,rich,elo_seed_logistic,M,3-5,87,0.2554380312837467,0.0,0.6751660094864067
pooled_common,rich,elo_seed_logistic,M,6-8,74,0.17778537505445483,0.10810810810810811,0.8089843570581965
pooled_common,rich,elo_seed_logistic,M,9-12,52,0.18335874708886524,0.23076923076923078,0.8705981467635586
pooled_common,rich,elo_seed_logistic,M,13+,40,0.06916153838271297,0.075,0.9369811911601573
pooled_common,rich,elo_seed_logistic,W,0,5,0.25,0.0,0.5
pooled_common,rich,elo_seed_logistic,W,1-2,64,0.24636078423715135,0.0,0.5413668402470648
pooled_common,rich,elo_seed_logistic,W,3-5,102,0.20184787662695627,0.0,0.6712302038190412
pooled_common,rich,elo_seed_logistic,W,6-8,59,0.15135416801778082,0.0847457627118644,0.807135802078045
pooled_common,rich,elo_seed_logistic,W,9-12,45,0.03309930454966053,0.022222222222222223,0.8699608283738295
pooled_common,rich,elo_seed_logistic,W,13+,40,0.004106381283756179,0.0,0.9369854678865522
pooled_common,rich,hist_classifier,M,0,24,0.21637193431609822,0.0,0.5916641964677253
pooled_common,rich,hist_classifier,M,1-2,57,0.2337001728056561,0.017543859649122806,0.6096686290629973
pooled_common,rich,hist_classifier,M,3-5,87,0.21051679088102598,0.022988505747126436,0.6742354126621984
pooled_common,rich,hist_classifier,M,6-8,74,0.16280595469585435,0.08108108108108109,0.7759908386186555
pooled_common,rich,hist_classifier,M,9-12,52,0.16553437425935766,0.11538461538461539,0.8577838908322731
pooled_common,rich,hist_classifier,M,13+,40,0.07081139822044968,0.075,0.9653407043898691
pooled_common,rich,hist_classifier,W,0,5,0.3638661177843603,0.2,0.6393525018806405
pooled_common,rich,hist_classifier,W,1-2,64,0.2728691925480067,0.046875,0.6733427832381085
pooled_common,rich,hist_classifier,W,3-5,102,0.19218235794961344,0.058823529411764705,0.7462485771109525
pooled_common,rich,hist_classifier,W,6-8,59,0.1473771867822464,0.1016949152542373,0.8768714380381398
pooled_common,rich,hist_classifier,W,9-12,45,0.029744813206929847,0.022222222222222223,0.9361527251042933
pooled_common,rich,hist_classifier,W,13+,40,0.0004158671105605501,0.0,0.984192523584231
pooled_common,rich,lgb_classifier,M,0,24,0.21439999984576308,0.0,0.5638614506416944
pooled_common,rich,lgb_classifier,M,1-2,57,0.23151918864839113,0.0,0.6008703547909309
pooled_common,rich,lgb_classifier,M,3-5,87,0.22393504952245627,0.034482758620689655,0.6591471231764092
pooled_common,rich,lgb_classifier,M,6-8,74,0.15855784198395126,0.05405405405405406,0.7821239509646285
pooled_common,rich,lgb_classifier,M,9-12,52,0.16443674711111217,0.1346153846153846,0.8597109922964473
pooled_common,rich,lgb_classifier,M,13+,40,0.07092680488505645,0.075,0.9541688405673174
pooled_common,rich,lgb_classifier,W,0,5,0.32468229759023004,0.2,0.624745425244298
pooled_common,rich,lgb_classifier,W,1-2,64,0.26164506739208326,0.046875,0.6509360831910904
pooled_common,rich,lgb_classifier,W,3-5,102,0.18120922121272595,0.049019607843137254,0.7386359510101642
pooled_common,rich,lgb_classifier,W,6-8,59,0.15499971543194693,0.11864406779661017,0.8605458517314781
pooled_common,rich,lgb_classifier,W,9-12,45,0.02860682833829576,0.022222222222222223,0.9159102751422429
pooled_common,rich,lgb_classifier,W,13+,40,0.0016150926856099142,0.0,0.9666371105803613
pooled_common,rich,lgb_margin,M,0,24,0.2390136363124964,0.0,0.5855115763897822
pooled_common,rich,lgb_margin,M,1-2,57,0.22194972528508186,0.0,0.61001355732959
pooled_common,rich,lgb_margin,M,3-5,87,0.23313920015544407,0.034482758620689655,0.6595988395313871
pooled_common,rich,lgb_margin,M,6-8,74,0.15838405889714566,0.02702702702702703,0.7673043929140522
pooled_common,rich,lgb_margin,M,9-12,52,0.16817684496279905,0.11538461538461539,0.8287582303293143
pooled_common,rich,lgb_margin,M,13+,40,0.07096824862686162,0.075,0.9525796234345997
pooled_common,rich,lgb_margin,W,0,5,0.31728857345564043,0.2,0.6675606846314116
pooled_common,rich,lgb_margin,W,1-2,64,0.2590659235086193,0.0625,0.6721562155566361
pooled_common,rich,lgb_margin,W,3-5,102,0.18632756862079772,0.058823529411764705,0.7478658102045237
pooled_common,rich,lgb_margin,W,6-8,59,0.16499002805215449,0.13559322033898305,0.8681840166144634
pooled_common,rich,lgb_margin,W,9-12,45,0.028903737434043415,0.022222222222222223,0.9149051818127715
pooled_common,rich,lgb_margin,W,13+,40,0.0010864061864811574,0.0,0.9822809303418755
pooled_common,rich,ridge_margin,M,0,24,0.222628649944701,0.0,0.6104022424578317
pooled_common,rich,ridge_margin,M,1-2,57,0.2208269704876432,0.0,0.6173205488708021
pooled_common,rich,ridge_margin,M,3-5,87,0.23140379057732377,0.022988505747126436,0.6660712661494433
pooled_common,rich,ridge_margin,M,6-8,74,0.16129012517715288,0.05405405405405406,0.7626742002539677
pooled_common,rich,ridge_margin,M,9-12,52,0.1690751379695936,0.11538461538461539,0.8332549310663572
pooled_common,rich,ridge_margin,M,13+,40,0.06960427814142911,0.075,0.9603266179850566
pooled_common,rich,ridge_margin,W,0,5,0.38538844869579114,0.2,0.6965232319379574
pooled_common,rich,ridge_margin,W,1-2,64,0.2595322114496974,0.046875,0.6741927365254912
pooled_common,rich,ridge_margin,W,3-5,102,0.19459480374638827,0.06862745098039216,0.7557966370578062
pooled_common,rich,ridge_margin,W,6-8,59,0.15472773251716881,0.15254237288135594,0.8581073500755679
pooled_common,rich,ridge_margin,W,9-12,45,0.027597044695941136,0.022222222222222223,0.9074987841964202
pooled_common,rich,ridge_margin,W,13+,40,0.001175360471827818,0.0,0.9817900129741692
pooled_common,rich,seed_logistic,M,0,24,0.25,0.0,0.5
pooled_common,rich,seed_logistic,M,1-2,57,0.2479347856832346,0.0,0.5468584401042837
pooled_common,rich,seed_logistic,M,3-5,87,0.255443060262114,0.0,0.675172647696802
pooled_common,rich,seed_logistic,M,6-8,74,0.17779182353937947,0.10810810810810811,0.8090323849102935
pooled_common,rich,seed_logistic,M,9-12,52,0.18337869695542594,0.23076923076923078,0.8706564814425432
pooled_common,rich,seed_logistic,M,13+,40,0.06916720963714815,0.075,0.9370264138560742
pooled_common,rich,seed_logistic,W,0,5,0.25,0.0,0.5
pooled_common,rich,seed_logistic,W,1-2,64,0.24635960718437283,0.0,0.541323937708512
pooled_common,rich,seed_logistic,W,3-5,102,0.20184731617215507,0.0,0.6712362801327425
pooled_common,rich,seed_logistic,W,6-8,59,0.15134982889763698,0.0847457627118644,0.8071842817431789
pooled_common,rich,seed_logistic,W,9-12,45,0.033090271747266656,0.022222222222222223,0.8700148733953635
pooled_common,rich,seed_logistic,W,13+,40,0.0041007739635306045,0.0,0.9370294904801995
pooled_common,rich,tensorflow_mlp,M,0,24,0.23956990615397597,0.0,0.5883351002509395
pooled_common,rich,tensorflow_mlp,M,1-2,57,0.24205013759553792,0.0,0.5941247405451641
pooled_common,rich,tensorflow_mlp,M,3-5,87,0.24422761921485783,0.022988505747126436,0.634503802691383
pooled_common,rich,tensorflow_mlp,M,6-8,74,0.16473146251173984,0.04054054054054054,0.7269921589491738
pooled_common,rich,tensorflow_mlp,M,9-12,52,0.16243090635507257,0.057692307692307696,0.8023428237782075
pooled_common,rich,tensorflow_mlp,M,13+,40,0.07114411472529372,0.075,0.9590031572850422
pooled_common,rich,tensorflow_mlp,W,0,5,0.3852161801186269,0.2,0.6401885405182839
pooled_common,rich,tensorflow_mlp,W,1-2,64,0.2878683404866522,0.09375,0.6716770322964294
pooled_common,rich,tensorflow_mlp,W,3-5,102,0.1913709703165349,0.049019607843137254,0.7454409934397713
pooled_common,rich,tensorflow_mlp,W,6-8,59,0.15814946169043664,0.13559322033898305,0.8624052673625617
pooled_common,rich,tensorflow_mlp,W,9-12,45,0.02748028877741466,0.022222222222222223,0.9203450640870465
pooled_common,rich,tensorflow_mlp,W,13+,40,0.0005657319598235418,0.0,0.9812327605206519
pooled_common,rich,torch_mlp,M,0,24,0.26103718902622414,0.0,0.6171301727493604
pooled_common,rich,torch_mlp,M,1-2,57,0.24897351454150954,0.0,0.6047945566671459
pooled_common,rich,torch_mlp,M,3-5,87,0.24353876645745384,0.022988505747126436,0.6531336376893109
pooled_common,rich,torch_mlp,M,6-8,74,0.16479080882686792,0.02702702702702703,0.7388549810778853
pooled_common,rich,torch_mlp,M,9-12,52,0.16889461130024067,0.11538461538461539,0.8199831183749036
pooled_common,rich,torch_mlp,M,13+,40,0.07127671806173462,0.075,0.9717477553582284
pooled_common,rich,torch_mlp,W,0,5,0.3926059412068517,0.2,0.6843782885000109
pooled_common,rich,torch_mlp,W,1-2,64,0.28691052007457246,0.09375,0.684764935504063
pooled_common,rich,torch_mlp,W,3-5,102,0.19176303164907577,0.058823529411764705,0.7527971297785566
pooled_common,rich,torch_mlp,W,6-8,59,0.16875243419326502,0.13559322033898305,0.8637398109076766
pooled_common,rich,torch_mlp,W,9-12,45,0.02502825572341843,0.022222222222222223,0.9304735852301949
pooled_common,rich,torch_mlp,W,13+,40,0.00025059205177130025,0.0,0.9872246605955297
pooled_common,rich,xgb_classifier,M,0,24,0.22892264903186257,0.0,0.5675532550861438
pooled_common,rich,xgb_classifier,M,1-2,57,0.23354602926591775,0.0,0.5980666507231561
pooled_common,rich,xgb_classifier,M,3-5,87,0.22508185162584604,0.022988505747126436,0.6570611441957539
pooled_common,rich,xgb_classifier,M,6-8,74,0.15465454451068564,0.05405405405405406,0.7788888104511676
pooled_common,rich,xgb_classifier,M,9-12,52,0.16461982404364334,0.15384615384615385,0.8643424274543157
pooled_common,rich,xgb_classifier,M,13+,40,0.0693409456898936,0.075,0.9444406435359269
pooled_common,rich,xgb_classifier,W,0,5,0.3390426525005454,0.2,0.6199054539203643
pooled_common,rich,xgb_classifier,W,1-2,64,0.25445861017717386,0.046875,0.6451926057343371
pooled_common,rich,xgb_classifier,W,3-5,102,0.18055204948538042,0.0392156862745098,0.726989857779414
pooled_common,rich,xgb_classifier,W,6-8,59,0.15042638495121033,0.11864406779661017,0.8528953895477925
pooled_common,rich,xgb_classifier,W,9-12,45,0.03233551282376341,0.022222222222222223,0.8961265449308686
pooled_common,rich,xgb_classifier,W,13+,40,0.0027050504322511755,0.0,0.9505795667413622
pooled_common,rich,xgb_margin,M,0,24,0.23938821436419533,0.0,0.5927083182183438
pooled_common,rich,xgb_margin,M,1-2,57,0.22548391142483226,0.0,0.6155279866273892
pooled_common,rich,xgb_margin,M,3-5,87,0.23301701769553945,0.022988505747126436,0.6597942861779853
pooled_common,rich,xgb_margin,M,6-8,74,0.15671183020566315,0.02702702702702703,0.7705273098099735
pooled_common,rich,xgb_margin,M,9-12,52,0.1675235509691494,0.09615384615384616,0.8308199642649032
pooled_common,rich,xgb_margin,M,13+,40,0.0706801253387735,0.075,0.9567983082903257
pooled_common,rich,xgb_margin,W,0,5,0.3296428738502658,0.2,0.6666115241191196
pooled_common,rich,xgb_margin,W,1-2,64,0.2579149011067393,0.0625,0.6735886079097821
pooled_common,rich,xgb_margin,W,3-5,102,0.18872021781062748,0.058823529411764705,0.7507133572708858
pooled_common,rich,xgb_margin,W,6-8,59,0.15907868445072154,0.13559322033898305,0.8675778452134998
pooled_common,rich,xgb_margin,W,9-12,45,0.02792384624688084,0.022222222222222223,0.9153400772632223
pooled_common,rich,xgb_margin,W,13+,40,0.0009050727899833019,0.0,0.9842831978709444
separate_gender,rich,constant_probability,M,0,24,0.25,0.0,0.5
separate_gender,rich,constant_probability,M,1-2,57,0.25,0.0,0.5
separate_gender,rich,constant_probability,M,3-5,87,0.25,0.0,0.5
separate_gender,rich,constant_probability,M,6-8,74,0.25,0.0,0.5
separate_gender,rich,constant_probability,M,9-12,52,0.25,0.0,0.5
separate_gender,rich,constant_probability,M,13+,40,0.25,0.0,0.5
separate_gender,rich,constant_probability,W,0,5,0.25,0.0,0.5
separate_gender,rich,constant_probability,W,1-2,64,0.25,0.0,0.5
separate_gender,rich,constant_probability,W,3-5,102,0.25,0.0,0.5
separate_gender,rich,constant_probability,W,6-8,59,0.25,0.0,0.5
separate_gender,rich,constant_probability,W,9-12,45,0.25,0.0,0.5
separate_gender,rich,constant_probability,W,13+,40,0.25,0.0,0.5
separate_gender,rich,constrained_ensemble,M,0,24,0.20358275658722072,0.0,0.5957070420487186
separate_gender,rich,constrained_ensemble,M,1-2,57,0.22919356207402808,0.0,0.6062214777159065
separate_gender,rich,constrained_ensemble,M,3-5,87,0.23713662321562234,0.04597701149425287,0.6611673986393418
separate_gender,rich,constrained_ensemble,M,6-8,74,0.16324603187621084,0.04054054054054054,0.7601600734867471
separate_gender,rich,constrained_ensemble,M,9-12,52,0.16111549321273594,0.07692307692307693,0.8402717587730737
separate_gender,rich,constrained_ensemble,M,13+,40,0.06963853742386443,0.075,0.9436081000708259
separate_gender,rich,constrained_ensemble,W,0,5,0.3802443203406514,0.2,0.6657416167264765
separate_gender,rich,constrained_ensemble,W,1-2,64,0.2588615326750583,0.09375,0.6758048880635099
separate_gender,rich,constrained_ensemble,W,3-5,102,0.18757209864898983,0.0784313725490196,0.7539116783840651
separate_gender,rich,constrained_ensemble,W,6-8,59,0.1618837398276459,0.15254237288135594,0.8724860439247734
separate_gender,rich,constrained_ensemble,W,9-12,45,0.025806228760334646,0.022222222222222223,0.9277716570565019
separate_gender,rich,constrained_ensemble,W,13+,40,0.0008836452073585162,0.0,0.9776241157139122
separate_gender,rich,elastic_logistic,M,0,24,0.22439390205530108,0.0,0.5914080205063025
separate_gender,rich,elastic_logistic,M,1-2,57,0.23307444775584843,0.0,0.5983013210066578
separate_gender,rich,elastic_logistic,M,3-5,87,0.23903465302963134,0.022988505747126436,0.6538842486581583
separate_gender,rich,elastic_logistic,M,6-8,74,0.16220941937660593,0.02702702702702703,0.7424383212283656
separate_gender,rich,elastic_logistic,M,9-12,52,0.15594550742510155,0.07692307692307693,0.8274383364746777
separate_gender,rich,elastic_logistic,M,13+,40,0.06954745104378361,0.075,0.9604556888458319
separate_gender,rich,elastic_logistic,W,0,5,0.36347035831128427,0.2,0.6325934588909149
separate_gender,rich,elastic_logistic,W,1-2,64,0.2571091202135273,0.09375,0.6704925425146939
separate_gender,rich,elastic_logistic,W,3-5,102,0.18270687479423978,0.06862745098039216,0.7626497735196323
separate_gender,rich,elastic_logistic,W,6-8,59,0.1496599244184574,0.0847457627118644,0.8580750522156388
separate_gender,rich,elastic_logistic,W,9-12,45,0.029536177368420086,0.022222222222222223,0.9235347796283249
separate_gender,rich,elastic_logistic,W,13+,40,0.0003528306854598743,0.0,0.987886415263165
separate_gender,rich,elo_seed_logistic,M,0,24,0.25,0.0,0.5
separate_gender,rich,elo_seed_logistic,M,1-2,57,0.24834186670825661,0.0,0.5285204926080871
separate_gender,rich,elo_seed_logistic,M,3-5,87,0.25123996647326835,0.0,0.6470092689168865
separate_gender,rich,elo_seed_logistic,M,6-8,74,0.1761322628299838,0.0,0.7768557481467724
separate_gender,rich,elo_seed_logistic,M,9-12,52,0.17786926966914612,0.23076923076923078,0.8409428181699835
separate_gender,rich,elo_seed_logistic,M,13+,40,0.06915366689247206,0.075,0.9154930328018963
separate_gender,rich,elo_seed_logistic,W,0,5,0.25,0.0,0.5
separate_gender,rich,elo_seed_logistic,W,1-2,64,0.2496256849411433,0.0,0.5925710776466493
separate_gender,rich,elo_seed_logistic,W,3-5,102,0.21495605773510185,0.08823529411764706,0.7489210716732643
separate_gender,rich,elo_seed_logistic,W,6-8,59,0.15642778284738057,0.1694915254237288,0.8680099647791156
separate_gender,rich,elo_seed_logistic,W,9-12,45,0.025332664098539452,0.022222222222222223,0.9191049831375105
separate_gender,rich,elo_seed_logistic,W,13+,40,0.0009078731902759726,0.0,0.9715088604066626
separate_gender,rich,hist_classifier,M,0,24,0.20611090634989726,0.0,0.6160786053237062
separate_gender,rich,hist_classifier,M,1-2,57,0.24299446578624267,0.017543859649122806,0.6299004977120859
separate_gender,rich,hist_classifier,M,3-5,87,0.23598422343071696,0.05747126436781609,0.6907322630756602
separate_gender,rich,hist_classifier,M,6-8,74,0.1597380527287117,0.08108108108108109,0.7886846805293476
separate_gender,rich,hist_classifier,M,9-12,52,0.17073083908251888,0.1346153846153846,0.8591071905828495
separate_gender,rich,hist_classifier,M,13+,40,0.07064788601275764,0.075,0.9635221018113647
separate_gender,rich,hist_classifier,W,0,5,0.40310952904625114,0.2,0.7033859414699668
separate_gender,rich,hist_classifier,W,1-2,64,0.2716477861821223,0.09375,0.7043802321020796
separate_gender,rich,hist_classifier,W,3-5,102,0.18769331925781138,0.06862745098039216,0.7642158806629775
separate_gender,rich,hist_classifier,W,6-8,59,0.15304214449046497,0.11864406779661017,0.8633103722050881
separate_gender,rich,hist_classifier,W,9-12,45,0.02220885577628758,0.022222222222222223,0.9451996669748189
separate_gender,rich,hist_classifier,W,13+,40,0.0009114293946038386,0.0,0.9772588858712004
separate_gender,rich,lgb_classifier,M,0,24,0.1940643494386718,0.0,0.5970427224042328
separate_gender,rich,lgb_classifier,M,1-2,57,0.2354319903820906,0.0,0.6017754540607039
separate_gender,rich,lgb_classifier,M,3-5,87,0.23323141288035334,0.04597701149425287,0.6723889669214236
separate_gender,rich,lgb_classifier,M,6-8,74,0.15454766322541924,0.04054054054054054,0.7720909311365499
separate_gender,rich,lgb_classifier,M,9-12,52,0.16169118007491937,0.09615384615384616,0.8537060435776318
separate_gender,rich,lgb_classifier,M,13+,40,0.06997171045604385,0.075,0.9412915247224862
separate_gender,rich,lgb_classifier,W,0,5,0.32573137502414856,0.2,0.6477978088715645
separate_gender,rich,lgb_classifier,W,1-2,64,0.25061567429330206,0.078125,0.6714593002931906
separate_gender,rich,lgb_classifier,W,3-5,102,0.18609749750066448,0.058823529411764705,0.7393911820313902
separate_gender,rich,lgb_classifier,W,6-8,59,0.14780863269649455,0.0847457627118644,0.8482226576234
separate_gender,rich,lgb_classifier,W,9-12,45,0.02888769508322087,0.022222222222222223,0.8986141069725456
separate_gender,rich,lgb_classifier,W,13+,40,0.004840045624834051,0.0,0.9351811887362643
separate_gender,rich,lgb_margin,M,0,24,0.20390586387512274,0.0,0.6047330627363955
separate_gender,rich,lgb_margin,M,1-2,57,0.22781313195392053,0.0,0.6201704148837494
separate_gender,rich,lgb_margin,M,3-5,87,0.23591358306274673,0.034482758620689655,0.6638145424044325
separate_gender,rich,lgb_margin,M,6-8,74,0.16454781130082788,0.04054054054054054,0.7532070411993476
separate_gender,rich,lgb_margin,M,9-12,52,0.16834404754261673,0.09615384615384616,0.8252698833661504
separate_gender,rich,lgb_margin,M,13+,40,0.0726466101753273,0.075,0.950684761028287
separate_gender,rich,lgb_margin,W,0,5,0.37133592288250267,0.2,0.6519125675509968
separate_gender,rich,lgb_margin,W,1-2,64,0.2612905324320962,0.078125,0.6805529862478731
separate_gender,rich,lgb_margin,W,3-5,102,0.18921532493731244,0.058823529411764705,0.7508547568731099
separate_gender,rich,lgb_margin,W,6-8,59,0.17328026361573032,0.13559322033898305,0.8607576407268962
separate_gender,rich,lgb_margin,W,9-12,45,0.03180521603537249,0.022222222222222223,0.9036648592142345
separate_gender,rich,lgb_margin,W,13+,40,0.0019854688444293947,0.0,0.9783025792978156
separate_gender,rich,ridge_margin,M,0,24,0.2067247132779427,0.0,0.6111972343415738
separate_gender,rich,ridge_margin,M,1-2,57,0.22466750522668547,0.0,0.6064128940110382
separate_gender,rich,ridge_margin,M,3-5,87,0.23428071721647584,0.022988505747126436,0.6601340014117916
separate_gender,rich,ridge_margin,M,6-8,74,0.15790169496958706,0.013513513513513514,0.7521915542707663
separate_gender,rich,ridge_margin,M,9-12,52,0.16272042121933517,0.09615384615384616,0.8248585660487209
separate_gender,rich,ridge_margin,M,13+,40,0.0673895719168914,0.075,0.9597042371767396
separate_gender,rich,ridge_margin,W,0,5,0.3615621328199638,0.2,0.6736884846814297
separate_gender,rich,ridge_margin,W,1-2,64,0.2623745319977386,0.078125,0.687774037948729
separate_gender,rich,ridge_margin,W,3-5,102,0.2018903708336949,0.09803921568627451,0.7670296409249389
separate_gender,rich,ridge_margin,W,6-8,59,0.1558229293027487,0.13559322033898305,0.8571850979788611
separate_gender,rich,ridge_margin,W,9-12,45,0.02866790234023639,0.022222222222222223,0.909144641238794
separate_gender,rich,ridge_margin,W,13+,40,0.001229471238446174,0.0,0.9816958116230016
separate_gender,rich,seed_logistic,M,0,24,0.25,0.0,0.5
separate_gender,rich,seed_logistic,M,1-2,57,0.24834342730880032,0.0,0.5286990571440312
separate_gender,rich,seed_logistic,M,3-5,87,0.25124418088618977,0.0,0.6471112132415004
separate_gender,rich,seed_logistic,M,6-8,74,0.1761368990333658,0.0,0.7768799124940021
separate_gender,rich,seed_logistic,M,9-12,52,0.17787174369451414,0.23076923076923078,0.8409398279797572
separate_gender,rich,seed_logistic,M,13+,40,0.06915527867003371,0.075,0.9154499549418688
separate_gender,rich,seed_logistic,W,0,5,0.25,0.0,0.5
separate_gender,rich,seed_logistic,W,1-2,64,0.24961723758767135,0.0,0.5923405290548983
separate_gender,rich,seed_logistic,W,3-5,102,0.21494716371805161,0.08823529411764706,0.7489094799972102
separate_gender,rich,seed_logistic,W,6-8,59,0.1564425019684419,0.1694915254237288,0.868149669132145
separate_gender,rich,seed_logistic,W,9-12,45,0.025313889610870815,0.022222222222222223,0.919264173942201
separate_gender,rich,seed_logistic,W,13+,40,0.0009018554991161828,0.0,0.9716061236037132
separate_gender,rich,tensorflow_mlp,M,0,24,0.23875860762387932,0.0,0.6164862411096692
separate_gender,rich,tensorflow_mlp,M,1-2,57,0.2398049446128222,0.0,0.6184080654853269
separate_gender,rich,tensorflow_mlp,M,3-5,87,0.24816998086421965,0.05747126436781609,0.6611226958104934
separate_gender,rich,tensorflow_mlp,M,6-8,74,0.16498579699805857,0.05405405405405406,0.7537712802657405
separate_gender,rich,tensorflow_mlp,M,9-12,52,0.16670173079110168,0.09615384615384616,0.8293644967309844
separate_gender,rich,tensorflow_mlp,M,13+,40,0.07015441590507258,0.075,0.9509416167158633
separate_gender,rich,tensorflow_mlp,W,0,5,0.4134411741087879,0.2,0.6851201362907886
separate_gender,rich,tensorflow_mlp,W,1-2,64,0.261907373322084,0.078125,0.6746068457432557
separate_gender,rich,tensorflow_mlp,W,3-5,102,0.18749594285924784,0.08823529411764706,0.7605785424181936
separate_gender,rich,tensorflow_mlp,W,6-8,59,0.17003740952625315,0.15254237288135594,0.8726774869936565
separate_gender,rich,tensorflow_mlp,W,9-12,45,0.02692980460282311,0.022222222222222223,0.9356263895855389
separate_gender,rich,tensorflow_mlp,W,13+,40,0.00027006346774832745,0.0,0.9875078304554336
separate_gender,rich,torch_mlp,M,0,24,0.22107670338442267,0.0,0.6505652193721988
separate_gender,rich,torch_mlp,M,1-2,57,0.23282069446163212,0.0,0.6274962730940772
separate_gender,rich,torch_mlp,M,3-5,87,0.2462344296452584,0.06896551724137931,0.6619804038870808
separate_gender,rich,torch_mlp,M,6-8,74,0.1747172886904948,0.08108108108108109,0.761348055390442
separate_gender,rich,torch_mlp,M,9-12,52,0.15969448633829678,0.07692307692307693,0.8309713880614426
separate_gender,rich,torch_mlp,M,13+,40,0.06882641007203708,0.075,0.9410731433999064
separate_gender,rich,torch_mlp,W,0,5,0.3748657990953018,0.2,0.6406745076179504
separate_gender,rich,torch_mlp,W,1-2,64,0.27424275879433946,0.109375,0.6918331512209548
separate_gender,rich,torch_mlp,W,3-5,102,0.1994617210530638,0.10784313725490197,0.7727569955311069
separate_gender,rich,torch_mlp,W,6-8,59,0.16816714684633013,0.15254237288135594,0.8800286230229006
separate_gender,rich,torch_mlp,W,9-12,45,0.02613510519753322,0.022222222222222223,0.9337359566148936
separate_gender,rich,torch_mlp,W,13+,40,0.00022852038767199427,0.0,0.988377648756179
separate_gender,rich,xgb_classifier,M,0,24,0.20141683465319174,0.0,0.5822990400095781
separate_gender,rich,xgb_classifier,M,1-2,57,0.2392280889289883,0.0,0.5951447984889934
separate_gender,rich,xgb_classifier,M,3-5,87,0.2359887549099595,0.034482758620689655,0.6677900244021553
separate_gender,rich,xgb_classifier,M,6-8,74,0.1564891710163132,0.04054054054054054,0.7546530059362585
separate_gender,rich,xgb_classifier,M,9-12,52,0.16053513332622074,0.07692307692307693,0.8384218704170332
separate_gender,rich,xgb_classifier,M,13+,40,0.06891605717431956,0.075,0.927062066225335
separate_gender,rich,xgb_classifier,W,0,5,0.3746432141302947,0.2,0.6525131747126579
separate_gender,rich,xgb_classifier,W,1-2,64,0.25738877619632694,0.078125,0.6842077801120467
separate_gender,rich,xgb_classifier,W,3-5,102,0.1834072755981824,0.06862745098039216,0.7576768614315227
separate_gender,rich,xgb_classifier,W,6-8,59,0.1482586528902139,0.0847457627118644,0.8614949867823871
separate_gender,rich,xgb_classifier,W,9-12,45,0.027928147650630175,0.022222222222222223,0.9177490907617741
separate_gender,rich,xgb_classifier,W,13+,40,0.002708062461827395,0.0,0.9508565906900912
separate_gender,rich,xgb_margin,M,0,24,0.20125315665543353,0.0,0.6050300605024433
separate_gender,rich,xgb_margin,M,1-2,57,0.2228189230097579,0.0,0.623728381303846
separate_gender,rich,xgb_margin,M,3-5,87,0.23089821637713973,0.05747126436781609,0.6754886976578164
separate_gender,rich,xgb_margin,M,6-8,74,0.16328345353944612,0.05405405405405406,0.7708005683716949
separate_gender,rich,xgb_margin,M,9-12,52,0.16950766240520102,0.15384615384615385,0.8428702736824986
separate_gender,rich,xgb_margin,M,13+,40,0.07121916408039293,0.075,0.9603796961443006
separate_gender,rich,xgb_margin,W,0,5,0.3434824436666229,0.2,0.6913424868514847
separate_gender,rich,xgb_margin,W,1-2,64,0.25930805336507556,0.0625,0.6810375798188458
separate_gender,rich,xgb_margin,W,3-5,102,0.19366883513695526,0.08823529411764706,0.7620978949851435
separate_gender,rich,xgb_margin,W,6-8,59,0.1686103539414574,0.1694915254237288,0.8719371244561671
separate_gender,rich,xgb_margin,W,9-12,45,0.02945572287190322,0.022222222222222223,0.908411242644535
separate_gender,rich,xgb_margin,W,13+,40,0.001714332663310257,0.0,0.9793560389850366
