TargetKey,Gender,Season,Team1ID,Team2ID,Team1Win,Team1Margin,OuterFoldID,InnerFoldID,Architecture,Universe,Model,RawPrediction,FeatureCount,BestIteration,Prediction,CalibrationMethod,DayNum,Team1ID_source,Team2ID_source,matchup__seed_gap_abs,matchup__seed_diff,SquaredError,Confidence,WrongAtHalf,ConfidentWrong,SeedGapBand,TournamentDayBand
W_2016_140_3268_3449,W,2016,3268,3449,0,-9,rich_W_2016,,separate_gender,rich,torch_mlp,0.9999198084115051,31.0,52.0,0.9999198084115051,identity,140,3268,3449,5.0,-5.0,0.999839623253701,0.9999198084115051,True,True,3-5,rounds_3_4
W_2016_147_3124_3333,W,2016,3124,3333,0,-3,rich_W_2016,,separate_gender,rich,torch_mlp,0.9992093868058873,31.0,52.0,0.9992093868058873,identity,147,3124,3333,1.0,-1.0,0.9984193986809974,0.9992093868058873,True,True,1-2,semifinal
M_2018_137_1420_1438,M,2018,1420,1438,1,20,rich_Pooled_2018,,pooled_common,rich,xgb_margin,-27.174519538879395,100.0,343.0,0.006821607206017842,raw_platt,137,1420,1438,15.0,15.0,0.9864033199128375,0.9931783927939821,True,True,13+,rounds_1_2
W_2016_140_3268_3449,W,2016,3268,3449,0,-9,rich_W_2016,,separate_gender,rich,hist_classifier,0.9931467715731883,47.0,300.0,0.9931467715731883,identity,140,3268,3449,5.0,-5.0,0.9863405098862467,0.9931467715731883,True,True,3-5,rounds_3_4
M_2018_137_1420_1438,M,2018,1420,1438,1,20,rich_Pooled_2018,,pooled_common,rich,lgb_margin,-27.437106869513872,100.0,307.0,0.0070236660971844285,raw_platt,137,1420,1438,15.0,15.0,0.9860019996910759,0.9929763339028156,True,True,13+,rounds_1_2
M_2018_137_1420_1438,M,2018,1420,1438,1,20,rich_M_2018,,separate_gender,rich,xgb_margin,-25.102691650390625,100.0,257.0,0.008317571555823211,raw_platt,137,1420,1438,15.0,15.0,0.9834340388849397,0.9916824284441768,True,True,13+,rounds_1_2
W_2016_140_3268_3449,W,2016,3268,3449,0,-9,rich_Pooled_2016,,pooled_common,rich,torch_mlp,0.9916638117283583,72.0,10.0,0.9916638117283583,identity,140,3268,3449,5.0,-5.0,0.9833971154916168,0.9916638117283583,True,True,3-5,rounds_3_4
M_2018_137_1420_1438,M,2018,1420,1438,1,20,rich_M_2018,,separate_gender,rich,ridge_margin,-23.979633331298828,100.0,,0.008620450482069981,raw_platt,137,1420,1438,15.0,15.0,0.9828334112023739,0.9913795495179301,True,True,13+,rounds_1_2
M_2018_137_1420_1438,M,2018,1420,1438,1,20,rich_Pooled_2018,,pooled_common,rich,torch_mlp,0.009641127893701196,72.0,10.0,0.009641127893701196,identity,137,1420,1438,15.0,15.0,0.9808106955596603,0.9903588721062988,True,True,13+,rounds_1_2
M_2016_137_1277_1292,M,2016,1277,1292,0,-9,rich_Pooled_2016,,pooled_common,rich,hist_classifier,0.9899716909716119,120.0,300.0,0.9899716909716119,identity,137,1277,1292,13.0,-13.0,0.9800439489251925,0.9899716909716119,True,True,13+,rounds_1_2
M_2018_137_1420_1438,M,2018,1420,1438,1,20,rich_Pooled_2018,,pooled_common,rich,ridge_margin,-25.044893264770508,100.0,,0.010384776153678948,raw_platt,137,1420,1438,15.0,15.0,0.9793382912684041,0.9896152238463211,True,True,13+,rounds_1_2
M_2018_137_1420_1438,M,2018,1420,1438,1,20,rich_M_2018,,separate_gender,rich,lgb_margin,-24.774801980014608,100.0,275.0,0.010798152617553137,raw_platt,137,1420,1438,15.0,15.0,0.9785202948648457,0.9892018473824469,True,True,13+,rounds_1_2
W_2016_140_3268_3449,W,2016,3268,3449,0,-9,rich_W_2016,,separate_gender,rich,tensorflow_mlp,0.9891752460971475,31.0,25.0,0.9891752460971475,identity,140,3268,3449,5.0,-5.0,0.9784676674913523,0.9891752460971475,True,True,3-5,rounds_3_4
W_2016_140_3268_3449,W,2016,3268,3449,0,-9,rich_Pooled_2016,,pooled_common,rich,hist_classifier,0.987288816472787,120.0,300.0,0.987288816472787,identity,140,3268,3449,5.0,-5.0,0.9747392071322365,0.987288816472787,True,True,3-5,rounds_3_4
M_2018_137_1420_1438,M,2018,1420,1438,1,20,rich_Pooled_2018,,pooled_common,rich,elastic_logistic,0.013838767539709806,60.0,,0.013838767539709806,identity,137,1420,1438,15.0,15.0,0.9725139764075985,0.9861612324602902,True,True,13+,rounds_1_2
W_2018_151_3163_3323,W,2018,3163,3323,0,-2,rich_Pooled_2018,,pooled_common,rich,torch_mlp,0.9859019434079528,72.0,10.0,0.9859019434079528,identity,151,3163,3323,0.0,0.0,0.9720026420155782,0.9859019434079528,True,True,0,semifinal
W_2016_140_3268_3449,W,2016,3268,3449,0,-9,rich_Pooled_2016,,pooled_common,rich,tensorflow_mlp,0.9853500369936228,72.0,10.0,0.9853500369936228,identity,140,3268,3449,5.0,-5.0,0.9709146954033337,0.9853500369936228,True,True,3-5,rounds_3_4
M_2016_137_1277_1292,M,2016,1277,1292,0,-9,rich_M_2016,,separate_gender,rich,hist_classifier,0.9850864729850048,105.0,300.0,0.9850864729850048,identity,137,1277,1292,13.0,-13.0,0.9703953592580367,0.9850864729850048,True,True,13+,rounds_1_2
M_2018_137_1420_1438,M,2018,1420,1438,1,20,rich_Pooled_2018,,pooled_common,rich,hist_classifier,0.015752239255663714,120.0,300.0,0.015752239255663714,identity,137,1420,1438,15.0,15.0,0.9687436545302403,0.9842477607443363,True,True,13+,rounds_1_2
M_2018_137_1420_1438,M,2018,1420,1438,1,20,rich_Pooled_2018,,pooled_common,rich,constrained_ensemble,0.017782119884653204,,,0.017782119884653204,identity,137,1420,1438,15.0,15.0,0.9647519640182859,0.9822178801153468,True,True,13+,rounds_1_2
W_2016_137_3107_3196,W,2016,3107,3196,1,2,rich_W_2016,,separate_gender,rich,torch_mlp,0.018487656489014626,31.0,52.0,0.018487656489014626,identity,137,3107,3196,7.0,7.0,0.9633664804644265,0.9815123435109854,True,True,6-8,rounds_1_2
M_2018_137_1420_1438,M,2018,1420,1438,1,20,rich_Pooled_2018,,pooled_common,rich,tensorflow_mlp,0.018656759522855282,72.0,10.0,0.018656759522855282,identity,137,1420,1438,15.0,15.0,0.9630345556301831,0.9813432404771447,True,True,13+,rounds_1_2
M_2018_137_1420_1438,M,2018,1420,1438,1,20,rich_M_2018,,separate_gender,rich,hist_classifier,0.01972798427124202,120.0,300.0,0.01972798427124202,identity,137,1420,1438,15.0,15.0,0.9609332248209224,0.980272015728758,True,True,13+,rounds_1_2
W_2021_151_3112_3163,W,2021,3112,3163,1,10,rich_Pooled_2021,,pooled_common,rich,torch_mlp,0.02260394487529993,72.0,16.0,0.02260394487529993,identity,151,3112,3163,2.0,2.0,0.9553030485733257,0.9773960551247001,True,True,1-2,semifinal
M_2018_137_1420_1438,M,2018,1420,1438,1,20,rich_M_2018,,separate_gender,rich,elastic_logistic,0.02277395687997341,60.0,,0.02277395687997341,identity,137,1420,1438,15.0,15.0,0.954970739352024,0.9772260431200266,True,True,13+,rounds_1_2
W_2016_140_3268_3449,W,2016,3268,3449,0,-9,rich_W_2016,,separate_gender,rich,lgb_margin,18.432751409862703,42.0,255.0,0.9770722770322774,raw_platt,140,3268,3449,5.0,-5.0,0.9546702345450394,0.9770722770322774,True,True,3-5,rounds_3_4
W_2016_144_3323_3390,W,2016,3323,3390,0,-6,rich_W_2016,,separate_gender,rich,torch_mlp,0.9762702137231827,31.0,52.0,0.9762702137231827,identity,144,3323,3390,3.0,-3.0,0.9531035302031088,0.9762702137231827,True,True,3-5,rounds_3_4
M_2016_137_1277_1292,M,2016,1277,1292,0,-9,rich_Pooled_2016,,pooled_common,rich,xgb_margin,18.946489334106445,100.0,317.0,0.9754282647586626,raw_platt,137,1277,1292,13.0,-13.0,0.9514602996900956,0.9754282647586626,True,True,13+,rounds_1_2
W_2016_140_3268_3449,W,2016,3268,3449,0,-9,rich_W_2016,,separate_gender,rich,constrained_ensemble,0.9745494207771502,,,0.9745494207771502,identity,140,3268,3449,5.0,-5.0,0.949746573537079,0.9745494207771502,True,True,3-5,rounds_3_4
W_2016_140_3268_3449,W,2016,3268,3449,0,-9,rich_W_2016,,separate_gender,rich,xgb_margin,17.865443229675293,42.0,281.0,0.9742434651996882,raw_platt,140,3268,3449,5.0,-5.0,0.949150329484296,0.9742434651996882,True,True,3-5,rounds_3_4
M_2018_137_1420_1438,M,2018,1420,1438,1,20,rich_M_2018,,separate_gender,rich,tensorflow_mlp,0.026320872828364372,72.0,10.0,0.026320872828364372,identity,137,1420,1438,15.0,15.0,0.9480510426897182,0.9736791271716356,True,True,13+,rounds_1_2
W_2016_140_3268_3449,W,2016,3268,3449,0,-9,rich_partial_W_2016,,partial_pooling,rich,partial_pooling_ensemble,0.9731736906157583,,,0.9731736906157583,component_calibrated_linear_pool,140,3268,3449,5.0,-5.0,0.9470670321066956,0.9731736906157583,True,True,3-5,rounds_3_4
M_2016_137_1277_1292,M,2016,1277,1292,0,-9,rich_Pooled_2016,,pooled_common,rich,lgb_classifier,0.9727501430696839,120.0,134.0,0.9727501430696839,identity,137,1277,1292,13.0,-13.0,0.9462428408420904,0.9727501430696839,True,True,13+,rounds_1_2
W_2019_140_3235_3283,W,2019,3235,3283,0,-9,rich_W_2019,,separate_gender,rich,lgb_classifier,0.9726409395882323,70.0,249.0,0.9726409395882323,identity,140,3235,3283,8.0,-8.0,0.9460303973630794,0.9726409395882323,True,True,6-8,rounds_3_4
W_2021_151_3112_3163,W,2021,3112,3163,1,10,rich_Pooled_2021,,pooled_common,rich,hist_classifier,0.028194255074951192,120.0,300.0,0.028194255074951192,identity,151,3112,3163,2.0,2.0,0.944406405869329,0.9718057449250488,True,True,1-2,semifinal
W_2017_140_3181_3332,W,2017,3181,3332,0,-9,rich_Pooled_2017,,pooled_common,rich,hist_classifier,0.9715749496178157,120.0,300.0,0.9715749496178157,identity,140,3181,3332,8.0,-8.0,0.943957882724861,0.9715749496178157,True,True,6-8,rounds_3_4
W_2016_147_3124_3333,W,2016,3124,3333,0,-3,rich_W_2016,,separate_gender,rich,hist_classifier,0.9715551687455553,47.0,300.0,0.9715551687455553,identity,147,3124,3333,1.0,-1.0,0.9439194459162044,0.9715551687455553,True,True,1-2,semifinal
W_2016_140_3268_3449,W,2016,3268,3449,0,-9,rich_W_2016,,separate_gender,rich,ridge_margin,16.361641883850098,42.0,,0.9714897636407831,raw_platt,140,3268,3449,5.0,-5.0,0.9437923608588246,0.9714897636407831,True,True,3-5,rounds_3_4
W_2016_144_3326_3397,W,2016,3326,3397,0,-16,rich_W_2016,,separate_gender,rich,torch_mlp,0.9695751769468188,31.0,52.0,0.9695751769468188,identity,144,3326,3397,4.0,-4.0,0.940076023751455,0.9695751769468188,True,True,3-5,rounds_3_4
W_2016_140_3268_3449,W,2016,3268,3449,0,-9,rich_Pooled_2016,,pooled_common,rich,constrained_ensemble,0.9690465001315824,,,0.9690465001315824,identity,140,3268,3449,5.0,-5.0,0.939051119417269,0.9690465001315824,True,True,3-5,rounds_3_4
M_2016_137_1277_1292,M,2016,1277,1292,0,-9,rich_Pooled_2016,,pooled_common,rich,constrained_ensemble,0.9686339773943228,,,0.9686339773943228,identity,137,1277,1292,13.0,-13.0,0.9382517821627454,0.9686339773943228,True,True,13+,rounds_1_2
W_2016_140_3268_3449,W,2016,3268,3449,0,-9,rich_Pooled_2016,,pooled_common,rich,lgb_margin,17.77694995132625,100.0,303.0,0.9685819382228263,raw_platt,140,3268,3449,5.0,-5.0,0.938150971051487,0.9685819382228263,True,True,3-5,rounds_3_4
M_2016_137_1277_1292,M,2016,1277,1292,0,-9,rich_Pooled_2016,,pooled_common,rich,torch_mlp,0.9678651504218578,72.0,10.0,0.9678651504218578,identity,137,1277,1292,13.0,-13.0,0.9367629494011255,0.9678651504218578,True,True,13+,rounds_1_2
M_2016_137_1277_1292,M,2016,1277,1292,0,-9,rich_Pooled_2016,,pooled_common,rich,ridge_margin,18.7431697845459,100.0,,0.9675494024271367,raw_platt,137,1277,1292,13.0,-13.0,0.9361518461371093,0.9675494024271367,True,True,13+,rounds_1_2
M_2018_137_1420_1438,M,2018,1420,1438,1,20,rich_Pooled_2018,,pooled_common,rich,lgb_classifier,0.032765993515963425,120.0,154.0,0.032765993515963425,identity,137,1420,1438,15.0,15.0,0.9355416232991612,0.9672340064840366,True,True,13+,rounds_1_2
W_2016_147_3124_3333,W,2016,3124,3333,0,-3,rich_W_2016,,separate_gender,rich,tensorflow_mlp,0.9670289745554328,31.0,25.0,0.9670289745554328,identity,147,3124,3333,1.0,-1.0,0.9351450376297319,0.9670289745554328,True,True,1-2,semifinal
M_2016_137_1277_1292,M,2016,1277,1292,0,-9,rich_Pooled_2016,,pooled_common,rich,lgb_margin,17.241656739053013,100.0,303.0,0.96555824187315,raw_platt,137,1277,1292,13.0,-13.0,0.9323027184491685,0.96555824187315,True,True,13+,rounds_1_2
W_2021_151_3112_3163,W,2021,3112,3163,1,10,rich_Pooled_2021,,pooled_common,rich,tensorflow_mlp,0.035264795646071434,72.0,10.0,0.035264795646071434,identity,151,3112,3163,2.0,2.0,0.9307140145198163,0.9647352043539286,True,True,1-2,semifinal
W_2016_140_3268_3449,W,2016,3268,3449,0,-9,rich_Pooled_2016,,pooled_common,rich,ridge_margin,18.12562656402588,100.0,,0.9641589837403208,raw_platt,140,3268,3449,5.0,-5.0,0.9296025459271683,0.9641589837403208,True,True,3-5,rounds_3_4
W_2016_147_3124_3333,W,2016,3124,3333,0,-3,rich_W_2016,,separate_gender,rich,lgb_margin,15.718118791547774,42.0,255.0,0.96382445185759,raw_platt,147,3124,3333,1.0,-1.0,0.9289575739985839,0.96382445185759,True,True,1-2,semifinal
W_2016_140_3268_3449,W,2016,3268,3449,0,-9,rich_Pooled_2016,,pooled_common,rich,lgb_classifier,0.9620843863923937,120.0,134.0,0.9620843863923937,identity,140,3268,3449,5.0,-5.0,0.9256063665400287,0.9620843863923937,True,True,3-5,rounds_3_4
W_2016_140_3268_3449,W,2016,3268,3449,0,-9,rich_Pooled_2016,,pooled_common,rich,xgb_margin,16.36869525909424,100.0,317.0,0.9615266099732608,raw_platt,140,3268,3449,5.0,-5.0,0.9245334216866712,0.9615266099732608,True,True,3-5,rounds_3_4
W_2017_140_3181_3332,W,2017,3181,3332,0,-9,rich_Pooled_2017,,pooled_common,rich,lgb_margin,17.877674576608648,100.0,255.0,0.9615048415676649,raw_platt,140,3181,3332,8.0,-8.0,0.9244915603580605,0.9615048415676649,True,True,6-8,rounds_3_4
M_2018_137_1420_1438,M,2018,1420,1438,1,20,rich_partial_M_2018,,partial_pooling,rich,partial_pooling_ensemble,0.03906565275937576,,,0.03906565275937576,component_calibrated_linear_pool,137,1420,1438,15.0,15.0,0.9233948197067645,0.9609343472406242,True,True,13+,rounds_1_2
W_2021_151_3112_3163,W,2021,3112,3163,1,10,rich_Pooled_2021,,pooled_common,rich,ridge_margin,-19.89650249481201,100.0,,0.04010194647336443,raw_platt,151,3112,3163,2.0,2.0,0.9214042731642238,0.9598980535266356,True,True,1-2,semifinal
W_2018_144_3124_3333,W,2018,3124,3333,0,-5,rich_W_2018,,separate_gender,rich,lgb_margin,21.564657294340055,56.0,411.0,0.9593713608185358,raw_platt,144,3124,3333,4.0,-4.0,0.9203934079588092,0.9593713608185358,True,True,3-5,rounds_3_4
W_2017_145_3268_3332,W,2017,3268,3332,0,-14,rich_W_2017,,separate_gender,rich,torch_mlp,0.9589240066707134,36.0,14.0,0.9589240066707134,identity,145,3268,3332,7.0,-7.0,0.9195352505694144,0.9589240066707134,True,True,6-8,rounds_3_4
W_2018_144_3124_3333,W,2018,3124,3333,0,-5,rich_Pooled_2018,,pooled_common,rich,hist_classifier,0.9586016911889972,120.0,300.0,0.9586016911889972,identity,144,3124,3333,4.0,-4.0,0.9189172023504055,0.9586016911889972,True,True,3-5,rounds_3_4
M_2021_137_1326_1331,M,2021,1326,1331,0,-3,rich_M_2021,,separate_gender,rich,lgb_margin,17.687454944637196,100.0,107.0,0.9581792465076804,raw_platt,137,1326,1331,13.0,-13.0,0.9181074684380262,0.9581792465076804,True,True,13+,rounds_1_2
M_2018_137_1420_1438,M,2018,1420,1438,1,20,rich_Pooled_2018,,pooled_common,rich,xgb_classifier,0.04184269160032272,120.0,224.0,0.04184269160032272,identity,137,1420,1438,15.0,15.0,0.9180654276397142,0.9581573083996773,True,True,13+,rounds_1_2
W_2021_140_3116_3460,W,2021,3116,3460,0,-4,rich_Pooled_2021,,pooled_common,rich,hist_classifier,0.957930824035343,120.0,300.0,0.957930824035343,identity,140,3116,3460,9.0,-9.0,0.9176314636370313,0.957930824035343,True,True,9-12,rounds_3_4
W_2019_140_3235_3283,W,2019,3235,3283,0,-9,rich_W_2019,,separate_gender,rich,torch_mlp,0.9577257242053747,47.0,10.0,0.9577257242053747,identity,140,3235,3283,8.0,-8.0,0.9172385628047095,0.9577257242053747,True,True,6-8,rounds_3_4
W_2021_151_3112_3163,W,2021,3112,3163,1,10,rich_W_2021,,separate_gender,rich,xgb_margin,-19.741068840026855,70.0,207.0,0.04254316450471851,raw_platt,151,3112,3163,2.0,2.0,0.9167235918366385,0.9574568354952815,True,True,1-2,semifinal
W_2018_151_3163_3323,W,2018,3163,3323,0,-2,rich_W_2018,,separate_gender,rich,lgb_margin,21.256650053866164,56.0,411.0,0.957443066157228,raw_platt,151,3163,3323,0.0,0.0,0.916697224932554,0.957443066157228,True,True,0,semifinal
W_2017_140_3274_3346,W,2017,3274,3346,0,-7,rich_Pooled_2017,,pooled_common,rich,hist_classifier,0.9573960700261673,120.0,300.0,0.9573960700261673,identity,140,3274,3346,8.0,-8.0,0.9166072349015499,0.9573960700261673,True,True,6-8,rounds_3_4
W_2018_151_3163_3323,W,2018,3163,3323,0,-2,rich_W_2018,,separate_gender,rich,xgb_margin,21.18997097015381,56.0,363.0,0.9573461682780121,raw_platt,151,3163,3323,0.0,0.0,0.9165116859165919,0.9573461682780121,True,True,0,semifinal
W_2018_144_3124_3333,W,2018,3124,3333,0,-5,rich_W_2018,,separate_gender,rich,xgb_margin,21.103596687316895,56.0,363.0,0.9567857474505941,raw_platt,144,3124,3333,4.0,-4.0,0.915438966524592,0.9567857474505941,True,True,3-5,rounds_3_4
M_2016_137_1277_1292,M,2016,1277,1292,0,-9,rich_Pooled_2016,,pooled_common,rich,tensorflow_mlp,0.9562353789806366,72.0,10.0,0.9562353789806366,identity,137,1277,1292,13.0,-13.0,0.9143861000142417,0.9562353789806366,True,True,13+,rounds_1_2
M_2021_137_1326_1331,M,2021,1326,1331,0,-3,rich_M_2021,,separate_gender,rich,xgb_margin,16.892277717590332,100.0,59.0,0.9557851254360409,raw_platt,137,1326,1331,13.0,-13.0,0.9135252060047884,0.9557851254360409,True,True,13+,rounds_1_2
M_2016_137_1277_1292,M,2016,1277,1292,0,-9,rich_M_2016,,separate_gender,rich,torch_mlp,0.9557833727449179,70.0,10.0,0.9557833727449179,identity,137,1277,1292,13.0,-13.0,0.9135218556156506,0.9557833727449179,True,True,13+,rounds_1_2
W_2018_144_3124_3333,W,2018,3124,3333,0,-5,rich_W_2018,,separate_gender,rich,hist_classifier,0.9555013378640729,63.0,300.0,0.9555013378640729,identity,144,3124,3333,4.0,-4.0,0.9129828066600332,0.9555013378640729,True,True,3-5,rounds_3_4
W_2021_151_3112_3163,W,2021,3112,3163,1,10,rich_W_2021,,separate_gender,rich,elastic_logistic,0.045118408277630806,45.0,,0.045118408277630806,identity,151,3112,3163,2.0,2.0,0.9117988542102454,0.9548815917223692,True,True,1-2,semifinal
M_2016_137_1277_1292,M,2016,1277,1292,0,-9,rich_M_2016,,separate_gender,rich,lgb_classifier,0.9548189409685521,105.0,217.0,0.9548189409685521,identity,137,1277,1292,13.0,-13.0,0.9116792100323075,0.9548189409685521,True,True,13+,rounds_1_2
W_2017_145_3268_3332,W,2017,3268,3332,0,-14,rich_W_2017,,separate_gender,rich,xgb_margin,17.804874420166016,49.0,297.0,0.9547134963255566,raw_platt,145,3268,3332,7.0,-7.0,0.9114778600661685,0.9547134963255566,True,True,6-8,rounds_3_4
W_2021_151_3112_3163,W,2021,3112,3163,1,10,rich_W_2021,,separate_gender,rich,ridge_margin,-20.6027889251709,70.0,,0.04558123447054789,raw_platt,151,3112,3163,2.0,2.0,0.9109151799947633,0.9544187655294522,True,True,1-2,semifinal
W_2019_140_3235_3283,W,2019,3235,3283,0,-9,rich_Pooled_2019,,pooled_common,rich,hist_classifier,0.953737220982174,120.0,300.0,0.953737220982174,identity,140,3235,3283,8.0,-8.0,0.9096146866868001,0.953737220982174,True,True,6-8,rounds_3_4
W_2017_151_3163_3280,W,2017,3163,3280,0,-2,rich_W_2017,,separate_gender,rich,hist_classifier,0.9519969265944658,55.0,300.0,0.9519969265944658,identity,151,3163,3280,1.0,-1.0,0.9062981482453086,0.9519969265944658,True,True,1-2,semifinal
W_2017_146_3124_3280,W,2017,3124,3280,0,-9,rich_W_2017,,separate_gender,rich,hist_classifier,0.9512187716873406,55.0,300.0,0.9512187716873406,identity,146,3124,3280,1.0,-1.0,0.904817151610373,0.9512187716873406,True,True,1-2,rounds_3_4
W_2016_140_3268_3449,W,2016,3268,3449,0,-9,rich_W_2016,,separate_gender,rich,xgb_classifier,0.9508150704205036,47.0,281.0,0.9508150704205036,identity,140,3268,3449,5.0,-5.0,0.9040492981387472,0.9508150704205036,True,True,3-5,rounds_3_4
W_2021_151_3112_3163,W,2021,3112,3163,1,10,rich_Pooled_2021,,pooled_common,rich,xgb_margin,-17.59692668914795,100.0,309.0,0.050455417476327424,raw_platt,151,3112,3163,2.0,2.0,0.9016349142000556,0.9495445825236726,True,True,1-2,semifinal
W_2017_140_3274_3346,W,2017,3274,3346,0,-7,rich_W_2017,,separate_gender,rich,tensorflow_mlp,0.9491148791275918,36.0,17.0,0.9491148791275918,identity,140,3274,3346,8.0,-8.0,0.9008190537813833,0.9491148791275918,True,True,6-8,rounds_3_4
W_2021_151_3112_3163,W,2021,3112,3163,1,10,rich_W_2021,,separate_gender,rich,tensorflow_mlp,0.05107831954956055,52.0,10.0,0.05107831954956055,identity,151,3112,3163,2.0,2.0,0.9004523556288859,0.9489216804504395,True,True,1-2,semifinal
W_2018_144_3124_3333,W,2018,3124,3333,0,-5,rich_Pooled_2018,,pooled_common,rich,lgb_classifier,0.9488102787189652,120.0,154.0,0.9488102787189652,identity,144,3124,3333,4.0,-4.0,0.9002409450027604,0.9488102787189652,True,True,3-5,rounds_3_4
W_2017_145_3268_3332,W,2017,3268,3332,0,-14,rich_Pooled_2017,,pooled_common,rich,lgb_margin,16.173308964650744,100.0,255.0,0.9486496510929973,raw_platt,145,3268,3332,7.0,-7.0,0.8999361605188655,0.9486496510929973,True,True,6-8,rounds_3_4
W_2019_140_3235_3283,W,2019,3235,3283,0,-9,rich_Pooled_2019,,pooled_common,rich,lgb_classifier,0.948568489649497,120.0,588.0,0.948568489649497,identity,140,3235,3283,8.0,-8.0,0.899782179555928,0.948568489649497,True,True,6-8,rounds_3_4
M_2018_137_1420_1438,M,2018,1420,1438,1,20,rich_Pooled_2018,,pooled_common,rich,seed_logistic,0.051620710641145706,7.0,,0.051620710641145706,identity,137,1420,1438,15.0,15.0,0.8994232764848055,0.9483792893588543,True,True,13+,rounds_1_2
M_2018_137_1420_1438,M,2018,1420,1438,1,20,rich_Pooled_2018,,pooled_common,rich,elo_seed_logistic,0.05168447643518448,19.0,,0.05168447643518448,identity,137,1420,1438,15.0,15.0,0.8993023322340101,0.9483155235648155,True,True,13+,rounds_1_2
M_2016_137_1277_1292,M,2016,1277,1292,0,-9,rich_partial_M_2016,,partial_pooling,rich,partial_pooling_ensemble,0.9480268798274968,,,0.9480268798274968,component_calibrated_linear_pool,137,1277,1292,13.0,-13.0,0.898754964875459,0.9480268798274968,True,True,13+,rounds_1_2
W_2021_151_3112_3163,W,2021,3112,3163,1,10,rich_W_2021,,separate_gender,rich,torch_mlp,0.0524178110063076,52.0,10.0,0.0524178110063076,identity,151,3112,3163,2.0,2.0,0.8979120048980778,0.9475821889936924,True,True,1-2,semifinal
W_2017_145_3268_3332,W,2017,3268,3332,0,-14,rich_Pooled_2017,,pooled_common,rich,torch_mlp,0.9474179726094007,72.0,10.0,0.9474179726094007,identity,145,3268,3332,7.0,-7.0,0.8976008148233072,0.9474179726094007,True,True,6-8,rounds_3_4
M_2016_137_1277_1292,M,2016,1277,1292,0,-9,rich_Pooled_2016,,pooled_common,rich,xgb_classifier,0.9474144298583269,120.0,158.0,0.9474144298583269,identity,137,1277,1292,13.0,-13.0,0.8975941019037786,0.9474144298583269,True,True,13+,rounds_1_2
W_2018_144_3124_3333,W,2018,3124,3333,0,-5,rich_Pooled_2018,,pooled_common,rich,tensorflow_mlp,0.9471598397940397,72.0,10.0,0.9471598397940397,identity,144,3124,3333,4.0,-4.0,0.897111762118671,0.9471598397940397,True,True,3-5,rounds_3_4
W_2018_144_3124_3333,W,2018,3124,3333,0,-5,rich_W_2018,,separate_gender,rich,ridge_margin,19.692187309265137,56.0,,0.9465170190222519,raw_platt,144,3124,3333,4.0,-4.0,0.89589446729877,0.9465170190222519,True,True,3-5,rounds_3_4
M_2021_137_1326_1331,M,2021,1326,1331,0,-3,rich_Pooled_2021,,pooled_common,rich,elastic_logistic,0.9460045117884874,60.0,,0.9460045117884874,identity,137,1326,1331,13.0,-13.0,0.8949245363241745,0.9460045117884874,True,True,13+,rounds_1_2
M_2016_137_1277_1292,M,2016,1277,1292,0,-9,rich_Pooled_2016,,pooled_common,rich,elastic_logistic,0.9451532270759344,60.0,,0.9451532270759344,identity,137,1277,1292,13.0,-13.0,0.8933146226520529,0.9451532270759344,True,True,13+,rounds_1_2
M_2021_137_1326_1331,M,2021,1326,1331,0,-3,rich_Pooled_2021,,pooled_common,rich,torch_mlp,0.9450428746640682,72.0,16.0,0.9450428746640682,identity,137,1326,1331,13.0,-13.0,0.8931060349533257,0.9450428746640682,True,True,13+,rounds_1_2
W_2021_151_3112_3163,W,2021,3112,3163,1,10,rich_Pooled_2021,,pooled_common,rich,lgb_margin,-17.219788348415918,100.0,307.0,0.05515436251636847,raw_platt,151,3112,3163,2.0,2.0,0.8927332786718499,0.9448456374836315,True,True,1-2,semifinal
M_2018_137_1420_1438,M,2018,1420,1438,1,20,rich_M_2018,,separate_gender,rich,constrained_ensemble,0.05539054531081735,,,0.05539054531081735,identity,137,1420,1438,15.0,15.0,0.8922870218881951,0.9446094546891827,True,True,13+,rounds_1_2
M_2018_137_1267_1455,M,2018,1267,1455,1,6,rich_M_2018,,separate_gender,rich,hist_classifier,0.055452378552508994,120.0,300.0,0.055452378552508994,identity,137,1267,1455,9.0,9.0,0.8921702091821129,0.944547621447491,True,True,9-12,rounds_1_2
M_2016_137_1277_1292,M,2016,1277,1292,0,-9,rich_M_2016,,separate_gender,rich,tensorflow_mlp,0.9441612642258406,70.0,10.0,0.9441612642258406,identity,137,1277,1292,13.0,-13.0,0.8914404928645375,0.9441612642258406,True,True,13+,rounds_1_2
W_2018_151_3163_3323,W,2018,3163,3323,0,-2,rich_W_2018,,separate_gender,rich,tensorflow_mlp,0.9439334608614445,42.0,10.0,0.9439334608614445,identity,151,3163,3323,0.0,0.0,0.8910103785338641,0.9439334608614445,True,True,0,semifinal
M_2018_137_1420_1438,M,2018,1420,1438,1,20,rich_M_2018,,separate_gender,rich,xgb_classifier,0.05640793591737747,120.0,189.0,0.05640793591737747,identity,137,1420,1438,15.0,15.0,0.890365983399704,0.9435920640826225,True,True,13+,rounds_1_2
W_2018_144_3124_3333,W,2018,3124,3333,0,-5,rich_Pooled_2018,,pooled_common,rich,ridge_margin,17.8023681640625,100.0,,0.9434206366803121,raw_platt,144,3124,3333,4.0,-4.0,0.8900424977142853,0.9434206366803121,True,True,3-5,rounds_3_4
W_2021_140_3116_3460,W,2021,3116,3460,0,-4,rich_W_2021,,separate_gender,rich,elastic_logistic,0.9430897571146488,45.0,,0.9430897571146488,identity,140,3116,3460,9.0,-9.0,0.8894182899745673,0.9430897571146488,True,True,9-12,rounds_3_4
W_2017_145_3268_3332,W,2017,3268,3332,0,-14,rich_W_2017,,separate_gender,rich,lgb_margin,16.775689926642215,49.0,285.0,0.9430097960179642,raw_platt,145,3268,3332,7.0,-7.0,0.8892674753858425,0.9430097960179642,True,True,6-8,rounds_3_4
M_2021_137_1326_1331,M,2021,1326,1331,0,-3,rich_M_2021,,separate_gender,rich,elastic_logistic,0.9428759720176458,60.0,,0.9428759720176458,identity,137,1326,1331,13.0,-13.0,0.8890150986082205,0.9428759720176458,True,True,13+,rounds_1_2
W_2016_146_3390_3449,W,2016,3390,3449,0,-9,rich_W_2016,,separate_gender,rich,torch_mlp,0.9417969472706318,31.0,52.0,0.9417969472706318,identity,146,3390,3449,3.0,-3.0,0.8869814898882812,0.9417969472706318,True,True,3-5,rounds_3_4
M_2016_137_1277_1292,M,2016,1277,1292,0,-9,rich_M_2016,,separate_gender,rich,constrained_ensemble,0.9411578473052215,,,0.9411578473052215,identity,137,1277,1292,13.0,-13.0,0.8857780935441986,0.9411578473052215,True,True,13+,rounds_1_2
W_2017_151_3163_3280,W,2017,3163,3280,0,-2,rich_Pooled_2017,,pooled_common,rich,ridge_margin,16.198244094848633,100.0,,0.9410524646211818,raw_platt,151,3163,3280,1.0,-1.0,0.8855797411696005,0.9410524646211818,True,True,1-2,semifinal
W_2017_145_3268_3332,W,2017,3268,3332,0,-14,rich_Pooled_2017,,pooled_common,rich,hist_classifier,0.940955841624713,120.0,300.0,0.940955841624713,identity,145,3268,3332,7.0,-7.0,0.885397895887672,0.940955841624713,True,True,6-8,rounds_3_4
M_2018_139_1277_1393,M,2018,1277,1393,0,-2,rich_Pooled_2018,,pooled_common,rich,hist_classifier,0.9404321809460359,120.0,300.0,0.9404321809460359,identity,139,1277,1393,8.0,-8.0,0.8844126869589175,0.9404321809460359,True,True,6-8,rounds_1_2
W_2017_146_3124_3280,W,2017,3124,3280,0,-9,rich_Pooled_2017,,pooled_common,rich,torch_mlp,0.9403789080679417,72.0,10.0,0.9403789080679417,identity,146,3124,3280,1.0,-1.0,0.8843124907390543,0.9403789080679417,True,True,1-2,rounds_3_4
W_2019_140_3235_3283,W,2019,3235,3283,0,-9,rich_Pooled_2019,,pooled_common,rich,torch_mlp,0.9398409761488438,72.0,12.0,0.9398409761488438,identity,140,3235,3283,8.0,-8.0,0.8833010604484115,0.9398409761488438,True,True,6-8,rounds_3_4
M_2016_137_1277_1292,M,2016,1277,1292,0,-9,rich_M_2016,,separate_gender,rich,lgb_margin,18.111811667055,94.0,175.0,0.9394567462899066,raw_platt,137,1277,1292,13.0,-13.0,0.8825789781496179,0.9394567462899066,True,True,13+,rounds_1_2
W_2016_147_3124_3333,W,2016,3124,3333,0,-3,rich_W_2016,,separate_gender,rich,constrained_ensemble,0.9394495455684861,,,0.9394495455684861,identity,147,3124,3333,1.0,-1.0,0.8825654486688351,0.9394495455684861,True,True,1-2,semifinal
W_2016_138_3274_3355,W,2016,3274,3355,0,-3,rich_W_2016,,separate_gender,rich,seed_logistic,0.8570588305592537,6.0,,0.9386643954464802,platt,138,3274,3355,7.0,-7.0,0.8810908472789061,0.9386643954464802,True,True,6-8,rounds_1_2
W_2016_138_3274_3355,W,2016,3274,3355,0,-3,rich_W_2016,,separate_gender,rich,elo_seed_logistic,0.8570297732949257,18.0,,0.9386155049960097,platt,138,3274,3355,7.0,-7.0,0.8809990662189142,0.9386155049960097,True,True,6-8,rounds_1_2
M_2018_137_1420_1438,M,2018,1420,1438,1,20,rich_M_2018,,separate_gender,rich,torch_mlp,0.027693696320056915,72.0,12.0,0.06166675662642169,spline,137,1420,1438,15.0,15.0,0.8804692756199789,0.9383332433735783,True,True,13+,rounds_1_2
W_2021_140_3116_3460,W,2021,3116,3460,0,-4,rich_W_2021,,separate_gender,rich,xgb_classifier,0.9382113851606846,78.0,234.0,0.9382113851606846,identity,140,3116,3460,9.0,-9.0,0.8802406032451304,0.9382113851606846,True,True,9-12,rounds_3_4
W_2021_146_3268_3400,W,2021,3268,3400,0,-3,rich_Pooled_2021,,pooled_common,rich,hist_classifier,0.937974376967071,120.0,300.0,0.937974376967071,identity,146,3268,3400,4.0,-4.0,0.879795931846765,0.937974376967071,True,True,3-5,rounds_3_4
M_2021_137_1326_1331,M,2021,1326,1331,0,-3,rich_M_2021,,separate_gender,rich,constrained_ensemble,0.9370101023691555,,,0.9370101023691555,identity,137,1326,1331,13.0,-13.0,0.8779879319418553,0.9370101023691555,True,True,13+,rounds_1_2
W_2017_145_3268_3332,W,2017,3268,3332,0,-14,rich_Pooled_2017,,pooled_common,rich,tensorflow_mlp,0.936686996370554,72.0,10.0,0.936686996370554,identity,145,3268,3332,7.0,-7.0,0.8773825291696902,0.936686996370554,True,True,6-8,rounds_3_4
M_2018_137_1420_1438,M,2018,1420,1438,1,20,rich_M_2018,,separate_gender,rich,lgb_classifier,0.06357598731118293,120.0,196.0,0.06357598731118293,identity,137,1420,1438,15.0,15.0,0.8768899315402258,0.936424012688817,True,True,13+,rounds_1_2
M_2021_137_1326_1331,M,2021,1326,1331,0,-3,rich_M_2021,,separate_gender,rich,lgb_classifier,0.9353891562331115,120.0,112.0,0.9353891562331115,identity,137,1326,1331,13.0,-13.0,0.8749528735984923,0.9353891562331115,True,True,13+,rounds_1_2
W_2018_144_3124_3333,W,2018,3124,3333,0,-5,rich_Pooled_2018,,pooled_common,rich,torch_mlp,0.9351781234145164,72.0,10.0,0.9351781234145164,identity,144,3124,3333,4.0,-4.0,0.8745581225130965,0.9351781234145164,True,True,3-5,rounds_3_4
W_2017_151_3163_3280,W,2017,3163,3280,0,-2,rich_Pooled_2017,,pooled_common,rich,xgb_margin,14.777787685394287,100.0,328.0,0.9345545677048834,raw_platt,151,3163,3280,1.0,-1.0,0.8733922400180616,0.9345545677048834,True,True,1-2,semifinal
M_2016_137_1372_1452,M,2016,1372,1452,1,14,rich_M_2016,,separate_gender,rich,hist_classifier,0.06583232951004331,105.0,300.0,0.06583232951004331,identity,137,1372,1452,11.0,11.0,0.8726692365886322,0.9341676704899566,True,True,9-12,rounds_1_2
W_2018_151_3163_3323,W,2018,3163,3323,0,-2,rich_Pooled_2018,,pooled_common,rich,ridge_margin,16.841394424438477,100.0,,0.9339219011294598,raw_platt,151,3163,3323,0.0,0.0,0.8722101174092646,0.9339219011294598,True,True,0,semifinal
W_2018_151_3163_3323,W,2018,3163,3323,0,-2,rich_W_2018,,separate_gender,rich,hist_classifier,0.9338860118406829,63.0,300.0,0.9338860118406829,identity,151,3163,3323,0.0,0.0,0.8721430831116961,0.9338860118406829,True,True,0,semifinal
W_2021_151_3112_3163,W,2021,3112,3163,1,10,rich_Pooled_2021,,pooled_common,rich,constrained_ensemble,0.06619029096237564,,,0.06619029096237564,identity,151,3112,3163,2.0,2.0,0.8720005726929327,0.9338097090376244,True,True,1-2,semifinal
M_2016_137_1277_1292,M,2016,1277,1292,0,-9,rich_M_2016,,separate_gender,rich,xgb_margin,16.465381622314453,94.0,163.0,0.933024888618985,raw_platt,137,1277,1292,13.0,-13.0,0.8705354427824694,0.933024888618985,True,True,13+,rounds_1_2
M_2018_137_1267_1455,M,2018,1267,1455,1,6,rich_M_2018,,separate_gender,rich,ridge_margin,-12.71875,100.0,,0.066989071801498,raw_platt,137,1267,1455,9.0,9.0,0.8705093921378302,0.933010928198502,True,True,9-12,rounds_1_2
W_2021_151_3112_3163,W,2021,3112,3163,1,10,rich_W_2021,,separate_gender,rich,lgb_margin,-17.685927277158136,70.0,303.0,0.06806810362098063,raw_platt,151,3112,3163,2.0,2.0,0.8684970594885953,0.9319318963790194,True,True,1-2,semifinal
M_2018_137_1267_1455,M,2018,1267,1455,1,6,rich_Pooled_2018,,pooled_common,rich,ridge_margin,-13.760046005249023,100.0,,0.06813555992294255,raw_platt,137,1267,1455,9.0,9.0,0.8683713346801278,0.9318644400770575,True,True,9-12,rounds_1_2
W_2021_151_3112_3163,W,2021,3112,3163,1,10,rich_W_2021,,separate_gender,rich,xgb_classifier,0.06848178058862686,78.0,234.0,0.06848178058862686,identity,151,3112,3163,2.0,2.0,0.867726193095335,0.9315182194113731,True,True,1-2,semifinal
W_2021_151_3112_3163,W,2021,3112,3163,1,10,rich_partial_W_2021,,partial_pooling,rich,partial_pooling_ensemble,0.06854764552641468,,,0.06854764552641468,component_calibrated_linear_pool,151,3112,3163,2.0,2.0,0.8676034886543856,0.9314523544735853,True,True,1-2,semifinal
W_2017_140_3181_3332,W,2017,3181,3332,0,-9,rich_Pooled_2017,,pooled_common,rich,lgb_classifier,0.9310816368811314,120.0,496.0,0.9310816368811314,identity,140,3181,3332,8.0,-8.0,0.8669130145372471,0.9310816368811314,True,True,6-8,rounds_3_4
W_2021_140_3116_3460,W,2021,3116,3460,0,-4,rich_W_2021,,separate_gender,rich,tensorflow_mlp,0.9307703971862793,52.0,10.0,0.9307703971862793,identity,140,3116,3460,9.0,-9.0,0.8663335322783041,0.9307703971862793,True,True,9-12,rounds_3_4
W_2017_151_3163_3280,W,2017,3163,3280,0,-2,rich_Pooled_2017,,pooled_common,rich,torch_mlp,0.9306018985807896,72.0,10.0,0.9306018985807896,identity,151,3163,3280,1.0,-1.0,0.8660198936421701,0.9306018985807896,True,True,1-2,semifinal
W_2018_140_3138_3199,W,2018,3138,3199,1,21,rich_W_2018,,separate_gender,rich,ridge_margin,-14.419415473937988,56.0,,0.06987490860752499,raw_platt,140,3138,3199,8.0,8.0,0.8651326856378599,0.930125091392475,True,True,6-8,rounds_3_4
M_2017_137_1374_1425,M,2017,1374,1425,0,-1,rich_Pooled_2017,,pooled_common,rich,torch_mlp,0.9300120733678341,72.0,10.0,0.9300120733678341,identity,137,1374,1425,5.0,-5.0,0.8649224566099376,0.9300120733678341,True,True,3-5,rounds_1_2
M_2021_137_1326_1331,M,2021,1326,1331,0,-3,rich_Pooled_2021,,pooled_common,rich,seed_logistic,0.9292540773749352,7.0,,0.9292540773749352,identity,137,1326,1331,13.0,-13.0,0.8635131403179419,0.9292540773749352,True,True,13+,rounds_1_2
M_2021_137_1326_1331,M,2021,1326,1331,0,-3,rich_Pooled_2021,,pooled_common,rich,elo_seed_logistic,0.9291595593094826,19.0,,0.9291595593094826,identity,137,1326,1331,13.0,-13.0,0.8633374866561918,0.9291595593094826,True,True,13+,rounds_1_2
W_2016_140_3268_3449,W,2016,3268,3449,0,-9,rich_W_2016,,separate_gender,rich,lgb_classifier,0.9286055092221963,47.0,156.0,0.9286055092221963,identity,140,3268,3449,5.0,-5.0,0.8623081917578145,0.9286055092221963,True,True,3-5,rounds_3_4
M_2021_137_1326_1331,M,2021,1326,1331,0,-3,rich_Pooled_2021,,pooled_common,rich,lgb_classifier,0.928501366626109,120.0,301.0,0.928501366626109,identity,137,1326,1331,13.0,-13.0,0.8621147878265522,0.928501366626109,True,True,13+,rounds_1_2
M_2018_137_1420_1438,M,2018,1420,1438,1,20,rich_M_2018,,separate_gender,rich,elo_seed_logistic,0.07154515385627747,18.0,,0.07154515385627747,identity,137,1420,1438,15.0,15.0,0.8620284013277635,0.9284548461437225,True,True,13+,rounds_1_2
W_2016_144_3326_3397,W,2016,3326,3397,0,-16,rich_W_2016,,separate_gender,rich,tensorflow_mlp,0.9284523278474808,31.0,25.0,0.9284523278474808,identity,144,3326,3397,4.0,-4.0,0.8620237250854059,0.9284523278474808,True,True,3-5,rounds_3_4
M_2018_137_1420_1438,M,2018,1420,1438,1,20,rich_M_2018,,separate_gender,rich,seed_logistic,0.07159227877855301,6.0,,0.07159227877855301,identity,137,1420,1438,15.0,15.0,0.8619408968236,0.928407721221447,True,True,13+,rounds_1_2
W_2018_140_3141_3326,W,2018,3141,3326,1,17,rich_W_2018,,separate_gender,rich,hist_classifier,0.0721493049511,63.0,300.0,0.0721493049511,identity,140,3141,3326,8.0,8.0,0.8609069123027269,0.9278506950489,True,True,6-8,rounds_3_4
M_2016_137_1277_1292,M,2016,1277,1292,0,-9,rich_M_2016,,separate_gender,rich,ridge_margin,17.134440422058105,94.0,,0.9278240952474047,raw_platt,137,1277,1292,13.0,-13.0,0.8608575517216651,0.9278240952474047,True,True,13+,rounds_1_2
W_2021_151_3112_3163,W,2021,3112,3163,1,10,rich_W_2021,,separate_gender,rich,hist_classifier,0.016018232573258726,78.0,300.0,0.07230417672527213,temperature,151,3112,3163,2.0,2.0,0.8606195405213751,0.9276958232747279,True,True,1-2,semifinal
W_2017_145_3268_3332,W,2017,3268,3332,0,-14,rich_Pooled_2017,,pooled_common,rich,xgb_margin,14.135486602783203,100.0,328.0,0.9272929977064157,raw_platt,145,3268,3332,7.0,-7.0,0.8598723035953507,0.9272929977064157,True,True,6-8,rounds_3_4
M_2016_137_1277_1292,M,2016,1277,1292,0,-9,rich_M_2016,,separate_gender,rich,elastic_logistic,0.9271255545318127,60.0,,0.9271255545318127,identity,137,1277,1292,13.0,-13.0,0.8595617938659211,0.9271255545318127,True,True,13+,rounds_1_2
W_2017_140_3181_3332,W,2017,3181,3332,0,-9,rich_Pooled_2017,,pooled_common,rich,xgb_margin,14.116767883300781,100.0,328.0,0.9270706141025596,raw_platt,140,3181,3332,8.0,-8.0,0.859459923532497,0.9270706141025596,True,True,6-8,rounds_3_4
W_2021_151_3112_3163,W,2021,3112,3163,1,10,rich_W_2021,,separate_gender,rich,constrained_ensemble,0.07323489515501565,,,0.07323489515501565,identity,151,3112,3163,2.0,2.0,0.8588935595583348,0.9267651048449843,True,True,1-2,semifinal
M_2021_137_1326_1331,M,2021,1326,1331,0,-3,rich_Pooled_2021,,pooled_common,rich,tensorflow_mlp,0.9267141073942184,72.0,10.0,0.9267141073942184,identity,137,1326,1331,13.0,-13.0,0.858799036843463,0.9267141073942184,True,True,13+,rounds_1_2
W_2021_151_3112_3163,W,2021,3112,3163,1,10,rich_Pooled_2021,,pooled_common,rich,lgb_classifier,0.07351465245660282,120.0,301.0,0.07351465245660282,identity,151,3112,3163,2.0,2.0,0.8583750992126095,0.9264853475433972,True,True,1-2,semifinal
M_2018_137_1267_1455,M,2018,1267,1455,1,6,rich_M_2018,,separate_gender,rich,lgb_classifier,0.07363960596864587,120.0,196.0,0.07363960596864587,identity,137,1267,1455,9.0,9.0,0.8581435796299257,0.9263603940313542,True,True,9-12,rounds_1_2
W_2019_140_3235_3283,W,2019,3235,3283,0,-9,rich_W_2019,,separate_gender,rich,elastic_logistic,0.9262127913534641,40.0,,0.9262127913534641,identity,140,3235,3283,8.0,-8.0,0.8578701348667757,0.9262127913534641,True,True,6-8,rounds_3_4
W_2018_144_3124_3333,W,2018,3124,3333,0,-5,rich_W_2018,,separate_gender,rich,tensorflow_mlp,0.9256431274116039,42.0,10.0,0.9256431274116039,identity,144,3124,3333,4.0,-4.0,0.8568151993243348,0.9256431274116039,True,True,3-5,rounds_3_4
W_2018_144_3124_3333,W,2018,3124,3333,0,-5,rich_Pooled_2018,,pooled_common,rich,constrained_ensemble,0.9255806014849122,,,0.9255806014849122,identity,144,3124,3333,4.0,-4.0,0.8566994498451718,0.9255806014849122,True,True,3-5,rounds_3_4
W_2018_144_3124_3333,W,2018,3124,3333,0,-5,rich_W_2018,,separate_gender,rich,torch_mlp,0.9251534715294838,42.0,10.0,0.9251534715294838,identity,144,3124,3333,4.0,-4.0,0.8559089458830553,0.9251534715294838,True,True,3-5,rounds_3_4
M_2021_137_1326_1331,M,2021,1326,1331,0,-3,rich_M_2021,,separate_gender,rich,tensorflow_mlp,0.9251497238874435,72.0,19.0,0.9251497238874435,identity,137,1326,1331,13.0,-13.0,0.855902011609013,0.9251497238874435,True,True,13+,rounds_1_2
W_2018_144_3124_3333,W,2018,3124,3333,0,-5,rich_partial_W_2018,,partial_pooling,rich,partial_pooling_ensemble,0.9249863200654707,,,0.9249863200654707,component_calibrated_linear_pool,144,3124,3333,4.0,-4.0,0.8555996923082613,0.9249863200654707,True,True,3-5,rounds_3_4
W_2016_138_3328_3345,W,2016,3328,3345,1,16,rich_W_2016,,separate_gender,rich,torch_mlp,0.0758371651172638,31.0,52.0,0.0758371651172638,identity,138,3328,3345,5.0,-5.0,0.8540769453784955,0.9241628348827362,True,True,3-5,rounds_1_2
W_2017_151_3163_3280,W,2017,3163,3280,0,-2,rich_Pooled_2017,,pooled_common,rich,lgb_margin,13.799998617036044,100.0,255.0,0.9238886473738039,raw_platt,151,3163,3280,1.0,-1.0,0.853570232746197,0.9238886473738039,True,True,1-2,semifinal
M_2016_137_1277_1292,M,2016,1277,1292,0,-9,rich_Pooled_2016,,pooled_common,rich,seed_logistic,0.9236880801618099,7.0,,0.9236880801618099,identity,137,1277,1292,13.0,-13.0,0.8531996694330102,0.9236880801618099,True,True,13+,rounds_1_2
M_2016_137_1277_1292,M,2016,1277,1292,0,-9,rich_Pooled_2016,,pooled_common,rich,elo_seed_logistic,0.9236180558800697,19.0,,0.9236180558800697,identity,137,1277,1292,13.0,-13.0,0.8530703131476796,0.9236180558800697,True,True,13+,rounds_1_2
M_2018_137_1267_1455,M,2018,1267,1455,1,6,rich_M_2018,,separate_gender,rich,xgb_classifier,0.07652871310710907,120.0,189.0,0.07652871310710907,identity,137,1267,1455,9.0,9.0,0.8527992177156121,0.9234712868928909,True,True,9-12,rounds_1_2
W_2017_145_3268_3332,W,2017,3268,3332,0,-14,rich_W_2017,,separate_gender,rich,constrained_ensemble,0.9226727280745647,,,0.9226727280745647,identity,145,3268,3332,7.0,-7.0,0.8513249631325596,0.9226727280745647,True,True,6-8,rounds_3_4
M_2018_137_1267_1455,M,2018,1267,1455,1,6,rich_Pooled_2018,,pooled_common,rich,xgb_classifier,0.07737434655427933,120.0,224.0,0.07737434655427933,identity,137,1267,1455,9.0,9.0,0.851238096396143,0.9226256534457207,True,True,9-12,rounds_1_2
W_2017_145_3268_3332,W,2017,3268,3332,0,-14,rich_partial_W_2017,,partial_pooling,rich,partial_pooling_ensemble,0.9223550177797168,,,0.9223550177797168,component_calibrated_linear_pool,145,3268,3332,7.0,-7.0,0.8507387788234217,0.9223550177797168,True,True,6-8,rounds_3_4
W_2019_140_3235_3283,W,2019,3235,3283,0,-9,rich_Pooled_2019,,pooled_common,rich,xgb_classifier,0.9223158247768879,120.0,224.0,0.9223158247768879,identity,140,3235,3283,8.0,-8.0,0.850666480633871,0.9223158247768879,True,True,6-8,rounds_3_4
M_2018_137_1267_1455,M,2018,1267,1455,1,6,rich_M_2018,,separate_gender,rich,constrained_ensemble,0.07794214549016788,,,0.07794214549016788,identity,137,1267,1455,9.0,9.0,0.8501906870632747,0.9220578545098321,True,True,9-12,rounds_1_2
W_2018_140_3138_3199,W,2018,3138,3199,1,21,rich_W_2018,,separate_gender,rich,tensorflow_mlp,0.07803084328770638,42.0,10.0,0.07803084328770638,identity,140,3138,3199,8.0,8.0,0.8500271259287778,0.9219691567122936,True,True,6-8,rounds_3_4
W_2018_144_3124_3333,W,2018,3124,3333,0,-5,rich_Pooled_2018,,pooled_common,rich,xgb_margin,15.733015060424805,100.0,343.0,0.9218488093614567,raw_platt,144,3124,3333,4.0,-4.0,0.8498052273211354,0.9218488093614567,True,True,3-5,rounds_3_4
W_2017_140_3274_3346,W,2017,3274,3346,0,-7,rich_W_2017,,separate_gender,rich,constrained_ensemble,0.9214998134222151,,,0.9214998134222151,identity,140,3274,3346,8.0,-8.0,0.8491619061371772,0.9214998134222151,True,True,6-8,rounds_3_4
W_2017_145_3268_3332,W,2017,3268,3332,0,-14,rich_Pooled_2017,,pooled_common,rich,constrained_ensemble,0.9214018868951731,,,0.9214018868951731,identity,145,3268,3332,7.0,-7.0,0.8489814371739853,0.9214018868951731,True,True,6-8,rounds_3_4
W_2021_151_3112_3163,W,2021,3112,3163,1,10,rich_Pooled_2021,,pooled_common,rich,elastic_logistic,0.07885690405964851,60.0,,0.07885690405964851,identity,151,3112,3163,2.0,2.0,0.8485046031985756,0.9211430959403515,True,True,1-2,semifinal
W_2017_145_3268_3332,W,2017,3268,3332,0,-14,rich_Pooled_2017,,pooled_common,rich,ridge_margin,14.31104564666748,100.0,,0.9210251670715782,raw_platt,145,3268,3332,7.0,-7.0,0.8482873583792285,0.9210251670715782,True,True,6-8,rounds_3_4
W_2017_140_3274_3346,W,2017,3274,3346,0,-7,rich_W_2017,,separate_gender,rich,torch_mlp,0.9210130162537098,36.0,14.0,0.9210130162537098,identity,140,3274,3346,8.0,-8.0,0.8482649761087563,0.9210130162537098,True,True,6-8,rounds_3_4
W_2017_145_3268_3332,W,2017,3268,3332,0,-14,rich_Pooled_2017,,pooled_common,rich,lgb_classifier,0.920882597298305,120.0,496.0,0.920882597298305,identity,145,3268,3332,7.0,-7.0,0.8480247580068722,0.920882597298305,True,True,6-8,rounds_3_4
W_2019_138_3177_3283,W,2019,3177,3283,0,-11,rich_Pooled_2019,,pooled_common,rich,hist_classifier,0.9197495542363883,120.0,300.0,0.9197495542363883,identity,138,3177,3283,5.0,-5.0,0.8459392425180349,0.9197495542363883,True,True,3-5,rounds_1_2
W_2016_137_3107_3196,W,2016,3107,3196,1,2,rich_W_2016,,separate_gender,rich,hist_classifier,0.08057795057034531,47.0,300.0,0.08057795057034531,identity,137,3107,3196,7.0,7.0,0.8453369049774263,0.9194220494296547,True,True,6-8,rounds_1_2
W_2018_144_3124_3333,W,2018,3124,3333,0,-5,rich_Pooled_2018,,pooled_common,rich,xgb_classifier,0.9192650653421879,120.0,224.0,0.9192650653421879,identity,144,3124,3333,4.0,-4.0,0.8450482603585769,0.9192650653421879,True,True,3-5,rounds_3_4
W_2018_144_3124_3333,W,2018,3124,3333,0,-5,rich_W_2018,,separate_gender,rich,constrained_ensemble,0.9190967797125004,,,0.9190967797125004,identity,144,3124,3333,4.0,-4.0,0.8447388904778884,0.9190967797125004,True,True,3-5,rounds_3_4
W_2016_147_3124_3333,W,2016,3124,3333,0,-3,rich_Pooled_2016,,pooled_common,rich,tensorflow_mlp,0.9189721122384071,72.0,10.0,0.9189721122384071,identity,147,3124,3333,1.0,-1.0,0.8445097430719195,0.9189721122384071,True,True,1-2,semifinal
W_2016_140_3268_3449,W,2016,3268,3449,0,-9,rich_W_2016,,separate_gender,rich,elastic_logistic,0.9189125262200832,27.0,,0.9189125262200832,identity,140,3268,3449,5.0,-5.0,0.8444002308441751,0.9189125262200832,True,True,3-5,rounds_3_4
M_2018_137_1267_1455,M,2018,1267,1455,1,6,rich_M_2018,,separate_gender,rich,torch_mlp,0.09021998569369316,72.0,12.0,0.08161250858384725,spline,137,1267,1455,9.0,9.0,0.843435584389654,0.9183874914161527,True,True,9-12,rounds_1_2
W_2018_140_3138_3199,W,2018,3138,3199,1,21,rich_W_2018,,separate_gender,rich,xgb_margin,-13.842028141021729,56.0,363.0,0.08161292576321698,raw_platt,140,3138,3199,8.0,8.0,0.8434348181251984,0.918387074236783,True,True,6-8,rounds_3_4
W_2017_140_3274_3346,W,2017,3274,3346,0,-7,rich_Pooled_2017,,pooled_common,rich,lgb_margin,13.337210590692358,100.0,255.0,0.9179263822779066,raw_platt,140,3274,3346,8.0,-8.0,0.8425888432818055,0.9179263822779066,True,True,6-8,rounds_3_4
M_2021_138_1101_1400,M,2021,1101,1400,1,1,rich_Pooled_2021,,pooled_common,rich,torch_mlp,0.0822780467569828,72.0,16.0,0.0822780467569828,identity,138,1101,1400,11.0,11.0,0.8422135834641786,0.9177219532430172,True,True,9-12,rounds_1_2
W_2016_147_3124_3333,W,2016,3124,3333,0,-3,rich_W_2016,,separate_gender,rich,xgb_margin,10.724183559417725,42.0,281.0,0.9173949864522426,raw_platt,147,3124,3333,1.0,-1.0,0.8416135611677104,0.9173949864522426,True,True,1-2,semifinal
M_2016_137_1372_1452,M,2016,1372,1452,1,14,rich_Pooled_2016,,pooled_common,rich,hist_classifier,0.08338895714072499,120.0,300.0,0.08338895714072499,identity,137,1372,1452,11.0,11.0,0.8401758038915677,0.916611042859275,True,True,9-12,rounds_1_2
M_2021_137_1326_1331,M,2021,1326,1331,0,-3,rich_partial_M_2021,,partial_pooling,rich,partial_pooling_ensemble,0.9161852923591283,,,0.9161852923591283,component_calibrated_linear_pool,137,1326,1331,13.0,-13.0,0.8393954899351813,0.9161852923591283,True,True,13+,rounds_1_2
W_2016_147_3124_3333,W,2016,3124,3333,0,-3,rich_W_2016,,separate_gender,rich,ridge_margin,10.075835704803467,42.0,,0.915730108268449,raw_platt,147,3124,3333,1.0,-1.0,0.8385616311893453,0.915730108268449,True,True,1-2,semifinal
M_2021_137_1326_1331,M,2021,1326,1331,0,-3,rich_Pooled_2021,,pooled_common,rich,xgb_classifier,0.9156723506748676,120.0,92.0,0.9156723506748676,identity,137,1326,1331,13.0,-13.0,0.8384558537904377,0.9156723506748676,True,True,13+,rounds_1_2
W_2019_140_3235_3283,W,2019,3235,3283,0,-9,rich_W_2019,,separate_gender,rich,tensorflow_mlp,0.9152116924524307,47.0,10.0,0.9152116924524307,identity,140,3235,3283,8.0,-8.0,0.8376124420016426,0.9152116924524307,True,True,6-8,rounds_3_4
M_2021_137_1326_1331,M,2021,1326,1331,0,-3,rich_M_2021,,separate_gender,rich,xgb_classifier,0.9143156558275223,120.0,390.0,0.9143156558275223,identity,137,1326,1331,13.0,-13.0,0.8359731184913122,0.9143156558275223,True,True,13+,rounds_1_2
W_2017_151_3163_3280,W,2017,3163,3280,0,-2,rich_W_2017,,separate_gender,rich,ridge_margin,14.357352256774902,49.0,,0.9141141742864313,raw_platt,151,3163,3280,1.0,-1.0,0.8356047236313641,0.9141141742864313,True,True,1-2,semifinal
M_2019_137_1243_1414,M,2019,1243,1414,0,-6,rich_Pooled_2019,,pooled_common,rich,hist_classifier,0.9139599332463767,120.0,300.0,0.9139599332463767,identity,137,1243,1414,9.0,-9.0,0.8353227595797214,0.9139599332463767,True,True,9-12,rounds_1_2
W_2016_147_3124_3333,W,2016,3124,3333,0,-3,rich_W_2016,,separate_gender,rich,xgb_classifier,0.9138036482036114,47.0,281.0,0.9138036482036114,identity,147,3124,3333,1.0,-1.0,0.8350371074702295,0.9138036482036114,True,True,1-2,semifinal
W_2017_146_3124_3280,W,2017,3124,3280,0,-9,rich_W_2017,,separate_gender,rich,lgb_margin,14.056626228692863,49.0,285.0,0.9136909179418062,raw_platt,146,3124,3280,1.0,-1.0,0.8348310935293405,0.9136909179418062,True,True,1-2,rounds_3_4
W_2018_144_3124_3333,W,2018,3124,3333,0,-5,rich_Pooled_2018,,pooled_common,rich,lgb_margin,15.375785966231515,100.0,307.0,0.9134428638432773,raw_platt,144,3124,3333,4.0,-4.0,0.8343778655062081,0.9134428638432773,True,True,3-5,rounds_3_4
M_2018_137_1267_1455,M,2018,1267,1455,1,6,rich_partial_M_2018,,partial_pooling,rich,partial_pooling_ensemble,0.08660415553694738,,,0.08660415553694738,component_calibrated_linear_pool,137,1267,1455,9.0,9.0,0.8342919686823731,0.9133958444630527,True,True,9-12,rounds_1_2
M_2017_137_1374_1425,M,2017,1374,1425,0,-1,rich_Pooled_2017,,pooled_common,rich,tensorflow_mlp,0.9131827317178249,72.0,10.0,0.9131827317178249,identity,137,1374,1425,5.0,-5.0,0.833902701507629,0.9131827317178249,True,True,3-5,rounds_1_2
W_2017_146_3124_3280,W,2017,3124,3280,0,-9,rich_Pooled_2017,,pooled_common,rich,hist_classifier,0.9130966558230273,120.0,300.0,0.9130966558230273,identity,146,3124,3280,1.0,-1.0,0.8337455028751961,0.9130966558230273,True,True,1-2,rounds_3_4
W_2017_146_3124_3280,W,2017,3124,3280,0,-9,rich_W_2017,,separate_gender,rich,torch_mlp,0.9129374213516712,36.0,14.0,0.9129374213516712,identity,146,3124,3280,1.0,-1.0,0.8334547353042389,0.9129374213516712,True,True,1-2,rounds_3_4
W_2018_151_3163_3323,W,2018,3163,3323,0,-2,rich_Pooled_2018,,pooled_common,rich,tensorflow_mlp,0.9129005745053291,72.0,10.0,0.9129005745053291,identity,151,3163,3323,0.0,0.0,0.8333874589321599,0.9129005745053291,True,True,0,semifinal
M_2021_139_1196_1331,M,2021,1196,1331,0,-3,rich_M_2021,,separate_gender,rich,xgb_margin,13.17197561264038,100.0,59.0,0.9121277775952451,raw_platt,139,1196,1331,8.0,-8.0,0.8319770826608409,0.9121277775952451,True,True,6-8,rounds_1_2
W_2017_140_3274_3346,W,2017,3274,3346,0,-7,rich_Pooled_2017,,pooled_common,rich,torch_mlp,0.9119069464504719,72.0,10.0,0.9119069464504719,identity,140,3274,3346,8.0,-8.0,0.8315742789846238,0.9119069464504719,True,True,6-8,rounds_3_4
W_2016_140_3268_3449,W,2016,3268,3449,0,-9,rich_Pooled_2016,,pooled_common,rich,xgb_classifier,0.9118237160146236,120.0,158.0,0.9118237160146236,identity,140,3268,3449,5.0,-5.0,0.831422489086717,0.9118237160146236,True,True,3-5,rounds_3_4
W_2018_151_3163_3323,W,2018,3163,3323,0,-2,rich_W_2018,,separate_gender,rich,ridge_margin,16.332085609436035,56.0,,0.9117665066756141,raw_platt,151,3163,3323,0.0,0.0,0.8313181626954527,0.9117665066756141,True,True,0,semifinal
W_2017_138_3266_3346,W,2017,3266,3346,0,-3,rich_W_2017,,separate_gender,rich,tensorflow_mlp,0.9117546286433935,36.0,17.0,0.9117546286433935,identity,138,3266,3346,7.0,-7.0,0.8312965028526524,0.9117546286433935,True,True,6-8,rounds_1_2
M_2018_137_1267_1455,M,2018,1267,1455,1,6,rich_Pooled_2018,,pooled_common,rich,lgb_classifier,0.08858409586863993,120.0,154.0,0.08858409586863993,identity,137,1267,1455,9.0,9.0,0.8306789503035845,0.9114159041313601,True,True,9-12,rounds_1_2
M_2021_145_1260_1333,M,2021,1260,1333,0,-7,rich_M_2021,,separate_gender,rich,torch_mlp,0.9112249054014683,72.0,10.0,0.9112249054014683,identity,145,1260,1333,4.0,-4.0,0.8303308282239148,0.9112249054014683,True,True,3-5,rounds_3_4
W_2021_151_3112_3163,W,2021,3112,3163,1,10,rich_Pooled_2021,,pooled_common,rich,xgb_classifier,0.08918819949030876,120.0,92.0,0.08918819949030876,identity,151,3112,3163,2.0,2.0,0.8295781359477056,0.9108118005096912,True,True,1-2,semifinal
W_2018_140_3138_3199,W,2018,3138,3199,1,21,rich_Pooled_2018,,pooled_common,rich,ridge_margin,-12.049951553344727,100.0,,0.08935732341560979,raw_platt,140,3138,3199,8.0,8.0,0.8292700844167824,0.9106426765843902,True,True,6-8,rounds_3_4
W_2017_140_3274_3346,W,2017,3274,3346,0,-7,rich_Pooled_2017,,pooled_common,rich,xgb_margin,12.85927677154541,100.0,328.0,0.9106230141359183,raw_platt,140,3274,3346,8.0,-8.0,0.8292342738739849,0.9106230141359183,True,True,6-8,rounds_3_4
W_2021_140_3116_3460,W,2021,3116,3460,0,-4,rich_W_2021,,separate_gender,rich,seed_logistic,0.9104433506727219,6.0,,0.9104433506727219,identity,140,3116,3460,9.0,-9.0,0.8289070947841728,0.9104433506727219,True,True,9-12,rounds_3_4
W_2017_146_3124_3280,W,2017,3124,3280,0,-9,rich_W_2017,,separate_gender,rich,xgb_classifier,0.9103873781859875,55.0,128.0,0.9103873781859875,identity,146,3124,3280,1.0,-1.0,0.8288051783603562,0.9103873781859875,True,True,1-2,rounds_3_4
W_2021_140_3116_3460,W,2021,3116,3460,0,-4,rich_W_2021,,separate_gender,rich,elo_seed_logistic,0.9102721698582172,18.0,,0.9102721698582172,identity,140,3116,3460,9.0,-9.0,0.8285954232183871,0.9102721698582172,True,True,9-12,rounds_3_4
W_2017_145_3268_3332,W,2017,3268,3332,0,-14,rich_W_2017,,separate_gender,rich,tensorflow_mlp,0.9100583177059889,36.0,17.0,0.9100583177059889,identity,145,3268,3332,7.0,-7.0,0.8282061416258546,0.9100583177059889,True,True,6-8,rounds_3_4
W_2017_151_3163_3280,W,2017,3163,3280,0,-2,rich_W_2017,,separate_gender,rich,torch_mlp,0.9098928868770599,36.0,14.0,0.9098928868770599,identity,151,3163,3280,1.0,-1.0,0.8279050655894702,0.9098928868770599,True,True,1-2,semifinal
W_2018_140_3141_3326,W,2018,3141,3326,1,17,rich_Pooled_2018,,pooled_common,rich,lgb_margin,-11.961506476469129,100.0,307.0,0.09031019175231418,raw_platt,140,3141,3326,8.0,8.0,0.8275355472297115,0.9096898082476859,True,True,6-8,rounds_3_4
W_2018_151_3163_3323,W,2018,3163,3323,0,-2,rich_Pooled_2018,,pooled_common,rich,xgb_margin,14.796487808227539,100.0,343.0,0.9093034133097891,raw_platt,151,3163,3323,0.0,0.0,0.8268326974568332,0.9093034133097891,True,True,0,semifinal
M_2021_137_1326_1331,M,2021,1326,1331,0,-3,rich_Pooled_2021,,pooled_common,rich,hist_classifier,0.9091726381310412,120.0,300.0,0.9091726381310412,identity,137,1326,1331,13.0,-13.0,0.8265948859261573,0.9091726381310412,True,True,13+,rounds_1_2
W_2017_151_3163_3280,W,2017,3163,3280,0,-2,rich_W_2017,,separate_gender,rich,lgb_margin,13.682791799316721,49.0,285.0,0.908723756794002,raw_platt,151,3163,3280,1.0,-1.0,0.8257788661618044,0.908723756794002,True,True,1-2,semifinal
W_2016_147_3124_3333,W,2016,3124,3333,0,-3,rich_partial_W_2016,,partial_pooling,rich,partial_pooling_ensemble,0.908705399743987,,,0.908705399743987,component_calibrated_linear_pool,147,3124,3333,1.0,-1.0,0.8257455035238792,0.908705399743987,True,True,1-2,semifinal
M_2021_137_1326_1331,M,2021,1326,1331,0,-3,rich_M_2021,,separate_gender,rich,hist_classifier,0.9083599508632718,120.0,300.0,0.9083599508632718,identity,137,1326,1331,13.0,-13.0,0.8251178003323256,0.9083599508632718,True,True,13+,rounds_1_2
W_2019_140_3235_3283,W,2019,3235,3283,0,-9,rich_W_2019,,separate_gender,rich,hist_classifier,0.9828058252696783,70.0,300.0,0.9081318431089236,temperature,140,3235,3283,8.0,-8.0,0.8247034444684106,0.9081318431089236,True,True,6-8,rounds_3_4
W_2017_146_3124_3280,W,2017,3124,3280,0,-9,rich_W_2017,,separate_gender,rich,tensorflow_mlp,0.9081179201602936,36.0,17.0,0.9081179201602936,identity,146,3124,3280,1.0,-1.0,0.8246781569162573,0.9081179201602936,True,True,1-2,rounds_3_4
W_2016_144_3323_3390,W,2016,3323,3390,0,-6,rich_W_2016,,separate_gender,rich,constrained_ensemble,0.9079315215198908,,,0.9079315215198908,identity,144,3323,3390,3.0,-3.0,0.8243396477694238,0.9079315215198908,True,True,3-5,rounds_3_4
W_2018_140_3141_3326,W,2018,3141,3326,1,17,rich_W_2018,,separate_gender,rich,ridge_margin,-12.54140567779541,56.0,,0.09212999088032615,raw_platt,140,3141,3326,8.0,8.0,0.8242279534589567,0.9078700091196739,True,True,6-8,rounds_3_4
W_2017_145_3268_3332,W,2017,3268,3332,0,-14,rich_Pooled_2017,,pooled_common,rich,xgb_classifier,0.907719973474741,120.0,201.0,0.907719973474741,identity,145,3268,3332,7.0,-7.0,0.8239555502449845,0.907719973474741,True,True,6-8,rounds_3_4
W_2017_151_3163_3280,W,2017,3163,3280,0,-2,rich_W_2017,,separate_gender,rich,xgb_margin,13.269864082336426,49.0,297.0,0.907668284145187,raw_platt,151,3163,3280,1.0,-1.0,0.8238617140430678,0.907668284145187,True,True,1-2,semifinal
W_2018_151_3163_3323,W,2018,3163,3323,0,-2,rich_Pooled_2018,,pooled_common,rich,hist_classifier,0.9074131389603388,120.0,300.0,0.9074131389603388,identity,151,3163,3323,0.0,0.0,0.8233986047578552,0.9074131389603388,True,True,0,semifinal
W_2017_140_3274_3346,W,2017,3274,3346,0,-7,rich_partial_W_2017,,partial_pooling,rich,partial_pooling_ensemble,0.9072262207018886,,,0.9072262207018886,component_calibrated_linear_pool,140,3274,3346,8.0,-8.0,0.823059415529032,0.9072262207018886,True,True,6-8,rounds_3_4
M_2021_137_1326_1331,M,2021,1326,1331,0,-3,rich_Pooled_2021,,pooled_common,rich,constrained_ensemble,0.9069888585538696,,,0.9069888585538696,identity,137,1326,1331,13.0,-13.0,0.8226287895408512,0.9069888585538696,True,True,13+,rounds_1_2
W_2017_151_3163_3280,W,2017,3163,3280,0,-2,rich_Pooled_2017,,pooled_common,rich,hist_classifier,0.9069658166138455,120.0,300.0,0.9069658166138455,identity,151,3163,3280,1.0,-1.0,0.8225869925060195,0.9069658166138455,True,True,1-2,semifinal
M_2017_137_1374_1425,M,2017,1374,1425,0,-1,rich_M_2017,,separate_gender,rich,tensorflow_mlp,0.9063336551189423,72.0,10.0,0.9063336551189423,identity,137,1374,1425,5.0,-5.0,0.8214406944012618,0.9063336551189423,True,True,3-5,rounds_1_2
M_2018_137_1267_1455,M,2018,1267,1455,1,6,rich_M_2018,,separate_gender,rich,xgb_margin,-11.079645156860352,100.0,257.0,0.09406891589140695,raw_platt,137,1267,1455,9.0,9.0,0.8207111291541707,0.905931084108593,True,True,9-12,rounds_1_2
M_2018_137_1267_1455,M,2018,1267,1455,1,6,rich_M_2018,,separate_gender,rich,tensorflow_mlp,0.0941854938864708,72.0,10.0,0.0941854938864708,identity,137,1267,1455,9.0,9.0,0.8204999194856968,0.9058145061135292,True,True,9-12,rounds_1_2
W_2017_146_3124_3280,W,2017,3124,3280,0,-9,rich_W_2017,,separate_gender,rich,ridge_margin,13.724037170410156,49.0,,0.9055344643050447,raw_platt,146,3124,3280,1.0,-1.0,0.8199926660442243,0.9055344643050447,True,True,1-2,rounds_3_4
W_2016_144_3323_3390,W,2016,3323,3390,0,-6,rich_W_2016,,separate_gender,rich,tensorflow_mlp,0.9053488112986088,31.0,25.0,0.9053488112986088,identity,144,3323,3390,3.0,-3.0,0.8196564701198039,0.9053488112986088,True,True,3-5,rounds_3_4
W_2018_144_3124_3333,W,2018,3124,3333,0,-5,rich_W_2018,,separate_gender,rich,elastic_logistic,0.9049128405749798,36.0,,0.9049128405749798,identity,144,3124,3333,4.0,-4.0,0.8188672490374788,0.9049128405749798,True,True,3-5,rounds_3_4
M_2018_137_1267_1455,M,2018,1267,1455,1,6,rich_Pooled_2018,,pooled_common,rich,elastic_logistic,0.0951649509370327,60.0,,0.0951649509370327,identity,137,1267,1455,9.0,9.0,0.8187264660127824,0.9048350490629673,True,True,9-12,rounds_1_2
W_2017_146_3124_3280,W,2017,3124,3280,0,-9,rich_W_2017,,separate_gender,rich,xgb_margin,13.063565731048584,49.0,297.0,0.9047183419748029,raw_platt,146,3124,3280,1.0,-1.0,0.8185152783056365,0.9047183419748029,True,True,1-2,rounds_3_4
W_2017_146_3124_3280,W,2017,3124,3280,0,-9,rich_Pooled_2017,,pooled_common,rich,ridge_margin,13.059328079223633,100.0,,0.9044862413794224,raw_platt,146,3124,3280,1.0,-1.0,0.8180953608446747,0.9044862413794224,True,True,1-2,rounds_3_4
M_2018_139_1277_1393,M,2018,1277,1393,0,-2,rich_Pooled_2018,,pooled_common,rich,lgb_classifier,0.904201037037843,120.0,154.0,0.904201037037843,identity,139,1277,1393,8.0,-8.0,0.8175795153803108,0.904201037037843,True,True,6-8,rounds_1_2
