Gender,Architecture,Model,ModelDisplay,CommonSeasons,ComplexityRank,Rows,Seasons,MacroSeasonBrier,GameWeightedBrier,SeasonBrierStd,WorstSeasonBrier,LogLoss,ROCAUC,AveragePrecision,AUCPR,Accuracy,BalancedAccuracy,Precision,Recall,F1,MCC,Threshold,TN,FP,FN,TP,PositiveRate,PredictedPositiveRate,CalibrationIntercept,CalibrationSlope,ECE,MCE,Reliability,Resolution,Uncertainty,StandardError,OneSELimit,WithinOneSE,RawBest,Recommended
M,pooled_common,hist_classifier,Histogram boosting,"[2016, 2017, 2018, 2019, 2021]",4,334,5,0.1806688479903381,0.18058886562262222,0.030977556666365626,0.20962081957398307,0.5406793555261393,0.8077200577200577,0.7722920521232517,0.7682942797207509,0.7365269461077845,0.7377344877344878,0.6987951807228916,0.7532467532467533,0.725,0.4740346766491302,0.5,130,50,38,116,0.46107784431137727,0.49700598802395207,-0.21784552412265398,0.8322309939398992,0.06241587541575848,0.16214989770593874,0.006513034306685515,0.07180366923139216,0.24848506579655064,0.013853584496569062,0.19452243248690718,True,True,False
M,pooled_common,lgb_classifier,LightGBM classifier,"[2016, 2017, 2018, 2019, 2021]",6,334,5,0.18257382942508196,0.18247187547815208,0.027135367597947286,0.21662644769967013,0.5409651635149819,0.8045454545454547,0.7714947221462205,0.7690809908913839,0.7275449101796407,0.7312770562770563,0.6779661016949152,0.7792207792207793,0.7250755287009063,0.4619794954326231,0.5,123,57,34,120,0.46107784431137727,0.5299401197604791,-0.23486846154982396,0.8868040003244871,0.06159309931140056,0.17981931584986954,0.005962412291157262,0.07116057040231234,0.24848506579655064,0.012135305308691063,0.19452243248690718,True,False,False
M,separate_gender,ridge_margin,Ridge margin,"[2016, 2017, 2018, 2019, 2021]",7,334,5,0.18265410931260168,0.18260968120435814,0.016228309603694004,0.19993028606707802,0.5431958152320185,0.7998917748917749,0.7847463682431212,0.7837815534700102,0.718562874251497,0.7201298701298702,0.6785714285714286,0.7402597402597403,0.7080745341614907,0.4389316535528061,0.5,126,54,40,114,0.46107784431137727,0.5029940119760479,-0.14642305543679537,0.9308954666700768,0.054962204615839456,0.11502676312349852,0.004682032506569269,0.06959685291749589,0.24848506579655064,0.007257520686754493,0.19452243248690718,True,False,False
M,separate_gender,lgb_classifier,LightGBM classifier,"[2016, 2017, 2018, 2019, 2021]",6,334,5,0.18272502587990885,0.18266957371172637,0.01709591908954784,0.20124605005285362,0.5418913142368369,0.8024531024531023,0.7690135742947495,0.7673093999965976,0.7305389221556886,0.7317099567099568,0.6927710843373494,0.7467532467532467,0.71875,0.46202196177805205,0.5,129,51,39,115,0.46107784431137727,0.49700598802395207,-0.21060443417321525,0.9051881043059407,0.05366576994646299,0.18128355069762148,0.007038475419121086,0.07228666046816994,0.24848506579655064,0.007645527444413056,0.19452243248690718,True,False,False
M,pooled_common,xgb_classifier,XGBoost classifier,"[2016, 2017, 2018, 2019, 2021]",5,334,5,0.18323013475646033,0.18313381229948072,0.02510799617689585,0.21540183538764912,0.5405253954262537,0.8029220779220779,0.7818639272243837,0.7807810467296159,0.7095808383233533,0.7136724386724387,0.659217877094972,0.7662337662337663,0.7087087087087087,0.42715230157134526,0.5,119,61,36,118,0.46107784431137727,0.5359281437125748,-0.25015782846504797,0.9197597869217711,0.053672746727298846,0.15751172827951837,0.004746346513724727,0.06801712467344921,0.24848506579655064,0.01122863724606879,0.19452243248690718,True,False,False
M,pooled_common,constrained_ensemble,Constrained ensemble,"[2016, 2017, 2018, 2019, 2021]",20,334,5,0.1833593907777637,0.18327764217047374,0.023235422648628653,0.21066342561260118,0.5427528797327926,0.8015512265512266,0.7778804163282957,0.776482982235954,0.7155688622754491,0.7196969696969697,0.664804469273743,0.7727272727272727,0.7147147147147147,0.43919593391347167,0.5,120,60,35,119,0.46107784431137727,0.5359281437125748,-0.21880951661271514,0.9227313559581027,0.06055158063883617,0.1536023413606784,0.00546103030629098,0.06977830818877152,0.24848506579655064,0.010391196905654375,0.19452243248690718,True,False,False
M,partial_pooling,partial_pooling_ensemble,Partial-pooling ensemble,"[2016, 2017, 2018, 2019, 2021]",21,334,5,0.18345636723019035,0.1833738097941474,0.02236450354384168,0.21103055086853903,0.5419219967052206,0.7979437229437231,0.7719780621292265,0.7707373350102513,0.7095808383233533,0.7127344877344878,0.6628571428571428,0.7532467532467533,0.7051671732522796,0.42466544505309334,0.5,121,59,38,116,0.46107784431137727,0.5239520958083832,-0.17949984964097587,0.9469789445934002,0.050249546530942345,0.12195792390310811,0.004336689086164553,0.06874294575855174,0.24848506579655064,0.010001710041412988,0.19452243248690718,True,False,False
M,separate_gender,xgb_margin,XGBoost margin,"[2016, 2017, 2018, 2019, 2021]",8,334,5,0.1837948717598979,0.18372766397096688,0.01881128679375019,0.2062422732628475,0.5494944660650656,0.797943722943723,0.7676608145449113,0.7664209764363226,0.7335329341317365,0.7354256854256854,0.6923076923076923,0.7597402597402597,0.7244582043343654,0.46945625261194024,0.5,128,52,37,117,0.46107784431137727,0.5059880239520959,-0.1262943185517142,0.8535303974111633,0.0784066240592615,0.19319534411711436,0.00997464463579472,0.07235870888470584,0.24848506579655064,0.008412663203013898,0.19452243248690718,True,False,False
M,pooled_common,ridge_margin,Ridge margin,"[2016, 2017, 2018, 2019, 2021]",7,334,5,0.18442777144015554,0.1843530007780868,0.020876428722227915,0.2094011725711101,0.5483642223096724,0.7981962481962482,0.7767178090363855,0.7755603974652483,0.7065868263473054,0.7080808080808081,0.6666666666666666,0.7272727272727273,0.6956521739130435,0.4149062238106499,0.5,124,56,42,112,0.46107784431137727,0.5029940119760479,-0.15178547155029795,0.8749199123006731,0.04600292844668684,0.19235751845729365,0.005014204996007419,0.06682165465092742,0.24848506579655064,0.009336222750066138,0.19452243248690718,True,False,False
M,separate_gender,xgb_classifier,XGBoost classifier,"[2016, 2017, 2018, 2019, 2021]",5,334,5,0.18475572775572746,0.1846877085417331,0.021465118051351983,0.20747414522985944,0.5456265507117676,0.7968253968253969,0.7688948658134063,0.7678321832140647,0.7215568862275449,0.7243145743145742,0.6763005780346821,0.7597402597402597,0.7155963302752294,0.44755674930664346,0.5,124,56,37,117,0.46107784431137727,0.5179640718562875,-0.22337338275251814,0.9580181654403195,0.04104365392805574,0.11927180421171768,0.002782953657358897,0.06490836892291818,0.24848506579655064,0.00959949262157617,0.19452243248690718,True,False,False
M,separate_gender,constrained_ensemble,Constrained ensemble,"[2016, 2017, 2018, 2019, 2021]",20,334,5,0.18518925230318395,0.18510376921834878,0.02239743623226318,0.21374060263812827,0.5469954548193525,0.7949134199134199,0.765429752524257,0.7641991842267856,0.7005988023952096,0.702056277056277,0.6607142857142857,0.7207792207792207,0.6894409937888198,0.40289350893957177,0.5,123,57,43,111,0.46107784431137727,0.5029940119760479,-0.16256546175497497,0.9158886514607285,0.05096222034590138,0.12110491612802388,0.004579245152846742,0.06573025456340192,0.24848506579655064,0.010016437987411447,0.19452243248690718,True,False,False
M,pooled_common,lgb_margin,LightGBM margin,"[2016, 2017, 2018, 2019, 2021]",9,334,5,0.18561765286448081,0.18555364750838926,0.019175142448806307,0.20699544179906648,0.5512324147677855,0.7953823953823954,0.7740905411620737,0.772954080278562,0.718562874251497,0.722005772005772,0.6704545454545454,0.7662337662337663,0.7151515151515152,0.4433084374041329,0.5,122,58,36,118,0.46107784431137727,0.5269461077844312,-0.16493653948909678,0.8787627924917609,0.052486612923758065,0.136026783004984,0.004954545220493361,0.06763019799205265,0.24848506579655064,0.008575384398754536,0.19452243248690718,True,False,False
M,pooled_common,xgb_margin,XGBoost margin,"[2016, 2017, 2018, 2019, 2021]",8,334,5,0.18571362486355628,0.18564516687016122,0.02115230378907572,0.20857859465751796,0.5511109591465182,0.7952020202020202,0.7748928006714131,0.7736097888560527,0.7275449101796407,0.7308080808080808,0.68,0.7727272727272727,0.723404255319149,0.46074436449884537,0.5,124,56,35,119,0.46107784431137727,0.5239520958083832,-0.1628758353530059,0.8674544355994105,0.057300299296551685,0.10797542509460989,0.004204811634548913,0.06359548666604158,0.24848506579655064,0.009459597830619936,0.19452243248690718,True,False,False
M,separate_gender,lgb_margin,LightGBM margin,"[2016, 2017, 2018, 2019, 2021]",9,334,5,0.1864174564886922,0.18634689789319103,0.01886018393093892,0.2099840273860917,0.5553865861103578,0.790764790764791,0.7559840510890412,0.7544633463424008,0.7305389221556886,0.7312409812409812,0.6951219512195121,0.7402597402597403,0.7169811320754716,0.46115298857799614,0.5,130,50,40,114,0.46107784431137727,0.49101796407185627,-0.12351502487490007,0.8846815076669364,0.08463835632524558,0.18700676545278738,0.01016543951731888,0.07119792884051616,0.24848506579655064,0.008434530667545724,0.19452243248690718,True,False,False
M,separate_gender,elastic_logistic,Rich elastic-net logistic,"[2016, 2017, 2018, 2019, 2021]",3,334,5,0.18679921336650537,0.18671039954105978,0.02102948909224614,0.2164630310653366,0.5505996435676102,0.7944805194805195,0.7701025989822741,0.7689954940102036,0.7125748502994012,0.7155122655122655,0.6666666666666666,0.7532467532467533,0.7073170731707317,0.430094595677929,0.5,122,58,38,116,0.46107784431137727,0.5209580838323353,-0.24135039317748794,0.9423059564701983,0.06841916378314224,0.1508100705616402,0.007121735356402649,0.0691352093596917,0.24848506579655064,0.009404673428470543,0.19452243248690718,True,False,True
M,pooled_common,elastic_logistic,Rich elastic-net logistic,"[2016, 2017, 2018, 2019, 2021]",3,334,5,0.18736829872832156,0.187269623061279,0.023495313980438404,0.22032597152053224,0.5520417515692204,0.7946608946608946,0.7738084449444232,0.7727284279438321,0.6946107784431138,0.6979076479076479,0.6477272727272727,0.7402597402597403,0.6909090909090909,0.3951885095221113,0.5,118,62,40,114,0.46107784431137727,0.5269461077844312,-0.23644829903515052,0.8506925364846165,0.05811408926205831,0.10586158668293666,0.0045625887017113126,0.06374758887872849,0.24848506579655064,0.010507423842592286,0.19452243248690718,True,False,False
M,separate_gender,hist_classifier,Histogram boosting,"[2016, 2017, 2018, 2019, 2021]",4,334,5,0.1882177544617304,0.1881811638185979,0.02099986056731018,0.21718285742001525,0.5568146574530639,0.7931818181818182,0.7559956564147483,0.7519763703575776,0.7215568862275449,0.7233766233766233,0.6804733727810651,0.7467532467532467,0.7120743034055728,0.44542953051994083,0.5,126,54,39,115,0.46107784431137727,0.5059880239520959,-0.1683796818972162,0.7488828873328285,0.04580962284231123,0.18039066748440247,0.0062202429510820004,0.0661732189021042,0.24848506579655064,0.009391423149304572,0.19452243248690718,True,False,False
M,separate_gender,torch_mlp,PyTorch MLP,"[2016, 2017, 2018, 2019, 2021]",10,334,5,0.19168688929111652,0.1915726494019347,0.028188213191912993,0.22984301227785867,0.5621090465592843,0.7817460317460317,0.7425318905550624,0.7409578807596542,0.6976047904191617,0.7006854256854257,0.6514285714285715,0.7402597402597403,0.6930091185410334,0.40061283208925863,0.5,119,61,40,114,0.46107784431137727,0.5239520958083832,-0.1707172674969164,0.8337116708802845,0.05898016381002022,0.166406989042442,0.005772454416317351,0.06088966835613732,0.24848506579655064,0.012606152172274754,0.19452243248690718,True,False,False
M,pooled_common,tensorflow_mlp,TensorFlow MLP,"[2016, 2017, 2018, 2019, 2021]",11,334,5,0.19252498377801971,0.19244502517268855,0.023745790878546457,0.21923115795863168,0.5637969012425006,0.7756132756132755,0.752111761974145,0.7509203699698712,0.6766467065868264,0.6788961038961039,0.6337209302325582,0.7077922077922078,0.6687116564417178,0.35686648254678427,0.5,117,63,45,109,0.46107784431137727,0.5149700598802395,-0.2004226213474147,0.8790195318167042,0.061763592128513616,0.1498945951461792,0.006118466378508865,0.06249341273902929,0.24848506579655064,0.010619440516784866,0.19452243248690718,True,False,False
M,separate_gender,tensorflow_mlp,TensorFlow MLP,"[2016, 2017, 2018, 2019, 2021]",11,334,5,0.1937660107040957,0.19363321070744793,0.029852850574927935,0.23812120958446056,0.5680552486368382,0.7776334776334777,0.7459915447789915,0.7447631934685461,0.6916167664670658,0.6965367965367966,0.639344262295082,0.7597402597402597,0.6943620178041543,0.39369188511625874,0.5,114,66,37,117,0.46107784431137727,0.5479041916167665,-0.24305764815733166,0.8281784728273937,0.07622644975279533,0.16833101629334335,0.008906899313706551,0.06086832067716371,0.24848506579655064,0.013350600641536509,0.19452243248690718,True,False,False
M,pooled_common,torch_mlp,PyTorch MLP,"[2016, 2017, 2018, 2019, 2021]",10,334,5,0.19616511101618792,0.1960250416483953,0.0303870054688964,0.24294827985891887,0.5727079866811156,0.768975468975469,0.7477665251989561,0.7465954818925933,0.6646706586826348,0.6691919191919192,0.6153846153846154,0.7272727272727273,0.6666666666666666,0.3387261589957917,0.5,110,70,42,112,0.46107784431137727,0.5449101796407185,-0.20312802644209554,0.7785910359317462,0.07631150704688633,0.17028684598026855,0.00904579789697691,0.062061122239813804,0.24848506579655064,0.013589481972222043,0.19452243248690718,False,False,False
M,separate_gender,elo_seed_logistic,Elo + seed logistic,"[2016, 2017, 2018, 2019, 2021]",2,334,5,0.20087951275359606,0.20078592704628218,0.022254606363866645,0.2321371389964289,0.5839320975817287,0.7608405483405485,0.7396156362604027,0.7391853451534753,0.6826347305389222,0.6886724386724388,0.6276595744680851,0.7662337662337663,0.6900584795321637,0.37920994552224846,0.5,110,70,36,118,0.46107784431137727,0.562874251497006,-0.24124453892239484,0.8887417852936814,0.07737623349189045,0.13568398882361016,0.008294910886738834,0.05440468822726849,0.24848506579655064,0.009952562528421046,0.19452243248690718,False,False,False
M,separate_gender,seed_logistic,Seed logistic,"[2016, 2017, 2018, 2019, 2021]",1,334,5,0.20088245483281458,0.20078889653019547,0.022248593327341293,0.23213092790761045,0.5839413088201183,0.760515873015873,0.7377533900381861,0.7385108821818661,0.6826347305389222,0.6886724386724388,0.6276595744680851,0.7662337662337663,0.6900584795321637,0.37920994552224846,0.5,110,70,36,118,0.46107784431137727,0.562874251497006,-0.24126111111282136,0.888675340207888,0.07507177703305633,0.13381195068359375,0.008174329481515395,0.05529636531445542,0.24848506579655064,0.009949873416736673,0.19452243248690718,False,False,False
M,pooled_common,elo_seed_logistic,Elo + seed logistic,"[2016, 2017, 2018, 2019, 2021]",2,334,5,0.20313390922217392,0.20303151447467532,0.02439806183994895,0.23733375488669142,0.5906715647834005,0.7604797979797979,0.7411673808009074,0.7408434262618241,0.6826347305389222,0.6886724386724388,0.6276595744680851,0.7662337662337663,0.6900584795321637,0.37920994552224846,0.5,110,70,36,118,0.46107784431137727,0.562874251497006,-0.24316783018620353,0.7702707843859878,0.09762847870253696,0.16487545739201936,0.011385715181540326,0.054919700982506675,0.24848506579655064,0.010911144958673888,0.19452243248690718,False,False,False
M,pooled_common,seed_logistic,Seed logistic,"[2016, 2017, 2018, 2019, 2021]",1,334,5,0.20314079022101642,0.20303833711326483,0.024407365212618482,0.23736012821005079,0.5906985366841911,0.7602092352092353,0.7393138208271615,0.7402652740774076,0.6826347305389222,0.6886724386724388,0.6276595744680851,0.7662337662337663,0.6900584795321637,0.37920994552224846,0.5,110,70,36,118,0.46107784431137727,0.562874251497006,-0.24315196846422943,0.7700468692037503,0.0982931483325041,0.16487285188015766,0.011543438238641244,0.055463928608233085,0.24848506579655064,0.010915305553415706,0.19452243248690718,False,False,False
M,pooled_common,constant_probability,Constant 0.50,"[2016, 2017, 2018, 2019, 2021]",0,334,5,0.25,0.25,0.0,0.25,0.6931471805599453,0.5,0.46107784431137727,0.7305389221556886,0.46107784431137727,0.5,0.46107784431137727,1.0,0.6311475409836066,0.0,0.5,0,180,0,154,0.46107784431137727,1.0,-0.15600424847658112,0.0,0.03892215568862273,0.03892215568862273,0.0015149342034493866,0.0,0.24848506579655064,0.0,0.19452243248690718,False,False,False
M,separate_gender,constant_probability,Constant 0.50,"[2016, 2017, 2018, 2019, 2021]",0,334,5,0.25,0.25,0.0,0.25,0.6931471805599453,0.5,0.46107784431137727,0.7305389221556886,0.46107784431137727,0.5,0.46107784431137727,1.0,0.6311475409836066,0.0,0.5,0,180,0,154,0.46107784431137727,1.0,-0.15600424847658112,0.0,0.03892215568862273,0.03892215568862273,0.0015149342034493866,0.0,0.24848506579655064,0.0,0.19452243248690718,False,False,False
W,pooled_common,xgb_classifier,XGBoost classifier,"[2016, 2017, 2018, 2019, 2021]",5,315,5,0.14868358783438557,0.1486835878343856,0.010530633987516034,0.15914364902279612,0.44959357896779767,0.8699105055228574,0.8686935624625586,0.8682020901130417,0.7682539682539683,0.7683221801177135,0.7560975609756098,0.7898089171974523,0.7725856697819314,0.5370992446362579,0.5,118,40,33,124,0.4984126984126984,0.5206349206349207,-0.14695783675875335,1.0135435724762516,0.06808284912554044,0.1269072787836194,0.005497511932970407,0.1072651456042393,0.24999748047367096,0.004709442688451105,0.15339303052283668,True,True,False
W,separate_gender,lgb_classifier,LightGBM classifier,"[2016, 2017, 2018, 2019, 2021]",6,315,5,0.14877543558028994,0.14877543558028997,0.0182110310726864,0.16882759221505772,0.45411931202480565,0.8704748851084415,0.8563875822068496,0.8552286399511352,0.7841269841269841,0.7841852777553817,0.7730061349693251,0.802547770700637,0.7875,0.5687145569275606,0.5,121,37,31,126,0.4984126984126984,0.5174603174603175,-0.1140715553923333,0.9942310194379871,0.06459261123612246,0.16127573698198272,0.006128009530991613,0.1084108319099073,0.24999748047367096,0.00814422068377754,0.15339303052283668,True,False,False
W,pooled_common,elastic_logistic,Rich elastic-net logistic,"[2016, 2017, 2018, 2019, 2021]",3,315,5,0.1491788610711195,0.14917886107111952,0.013490298008721964,0.16138420076227988,0.44601675899131793,0.868499556558897,0.8724772287112564,0.8720288554409362,0.780952380952381,0.7810610336208982,0.7619047619047619,0.8152866242038217,0.7876923076923077,0.5633725678548384,0.5,118,40,29,128,0.4984126984126984,0.5333333333333333,-0.18889504096060672,1.029205356866532,0.055546567102779616,0.13115416130711954,0.004592044381506202,0.10020549378652296,0.24999748047367096,0.006033044676846472,0.15339303052283668,True,False,False
W,separate_gender,elastic_logistic,Rich elastic-net logistic,"[2016, 2017, 2018, 2019, 2021]",3,315,5,0.1494654395680029,0.1494654395680029,0.017232486181310475,0.16867305889840686,0.44709053175017616,0.8699105055228573,0.8711952537310469,0.8707273568725069,0.7841269841269841,0.7842255905829235,0.7664670658682635,0.8152866242038217,0.7901234567901234,0.5694852100800364,0.5,119,39,29,128,0.4984126984126984,0.5301587301587302,-0.15997412712430412,0.8512452161393949,0.05243538545524529,0.16760937438812107,0.005108277513865649,0.10638508928063459,0.24999748047367096,0.007706602104547197,0.15339303052283668,True,False,False
W,separate_gender,xgb_classifier,XGBoost classifier,"[2016, 2017, 2018, 2019, 2021]",5,315,5,0.14973330006827007,0.14973330006827007,0.022358448429448306,0.1718439009037147,0.45392636278027715,0.8701523824881078,0.8625523315189455,0.8619377714772174,0.780952380952381,0.7810207207933565,0.7682926829268293,0.802547770700637,0.7850467289719626,0.5625178537198547,0.5,120,38,31,126,0.4984126984126984,0.5206349206349207,-0.1234591189371334,0.9172554026112386,0.07560428966664606,0.24718901683245942,0.01054769432066947,0.10850682507172521,0.24999748047367096,0.009999002111933964,0.15339303052283668,True,False,False
W,pooled_common,lgb_classifier,LightGBM classifier,"[2016, 2017, 2018, 2019, 2021]",6,315,5,0.15031406526309554,0.15031406526309554,0.010337832105571277,0.1592827407387836,0.45425602141780463,0.8641860840119326,0.8558154681954162,0.8551837968865359,0.765079365079365,0.7651374667419173,0.754601226993865,0.7834394904458599,0.76875,0.5305958778512754,0.5,118,40,34,123,0.4984126984126984,0.5174603174603175,-0.12598814924204815,0.9043678399880449,0.04741426590878644,0.12803701712146365,0.003949108290734732,0.10281046050439292,0.24999748047367096,0.004623219065607431,0.15339303052283668,True,False,False
W,pooled_common,constrained_ensemble,Constrained ensemble,"[2016, 2017, 2018, 2019, 2021]",20,315,5,0.15085444984439883,0.1508544498443988,0.014502897064964772,0.16359463774910027,0.4534651352227799,0.8655164073208095,0.8615495444569691,0.8610067187928483,0.7714285714285715,0.7715068934935096,0.7575757575757576,0.7961783439490446,0.7763975155279503,0.5436277585139253,0.5,118,40,32,125,0.4984126984126984,0.5238095238095238,-0.12924043804051746,0.8905190573441,0.05348524731445201,0.22452105411129808,0.006882545348771026,0.10556903705329203,0.24999748047367096,0.006485892741588683,0.15339303052283668,True,False,False
W,partial_pooling,partial_pooling_ensemble,Partial-pooling ensemble,"[2016, 2017, 2018, 2019, 2021]",21,315,5,0.1520210694507478,0.1520210694507478,0.015318120101180789,0.167372645636366,0.45780665685442384,0.8650729662178505,0.8591697355567568,0.8586096248692336,0.7714285714285715,0.7714867370797388,0.7607361963190185,0.7898089171974523,0.775,0.5433021042100371,0.5,119,39,33,124,0.4984126984126984,0.5174603174603175,-0.13019171731529805,0.8400766192391197,0.06034995142350645,0.17292545388800096,0.006176208812732033,0.10310487934719886,0.24999748047367096,0.00685047156674924,0.15339303052283668,True,False,False
W,pooled_common,xgb_margin,XGBoost margin,"[2016, 2017, 2018, 2019, 2021]",8,315,5,0.1526433289906927,0.15264332899069266,0.017637367046893004,0.1696315143021841,0.45796508424085325,0.8636620172538901,0.8593686564132634,0.8588212511595679,0.780952380952381,0.7809804079658147,0.775,0.7898089171974523,0.7823343848580442,0.5620287909514452,0.5,122,36,33,124,0.4984126984126984,0.5079365079365079,-0.07681197410471816,0.7986926521599309,0.04614509240150919,0.16666466306680117,0.004505181267404948,0.10073672778549891,0.24999748047367096,0.007887670332193496,0.15339303052283668,True,False,False
W,pooled_common,seed_logistic,Seed logistic,"[2016, 2017, 2018, 2019, 2021]",1,315,5,0.15297833079837614,0.1529783307983761,0.0122774730951331,0.16743009853356736,0.4660883919178299,0.8585624445698621,0.8538047342013328,0.854087815768201,0.7682539682539683,0.7683020237039426,0.7592592592592593,0.7834394904458599,0.7711598746081505,0.5368204985672701,0.5,119,39,34,123,0.4984126984126984,0.5142857142857142,0.031303938084008026,1.3965525926216675,0.05939511366425055,0.11640735436230898,0.004671121648465787,0.10089993823096742,0.24999748047367096,0.005490652886528471,0.15339303052283668,True,False,True
W,pooled_common,elo_seed_logistic,Elo + seed logistic,"[2016, 2017, 2018, 2019, 2021]",2,315,5,0.1529815665913056,0.1529815665913056,0.01228004750141977,0.16743891354546042,0.46610418987508623,0.8588849471901959,0.8548154834521962,0.854429861387319,0.7682539682539683,0.7683020237039426,0.7592592592592593,0.7834394904458599,0.7711598746081505,0.5368204985672701,0.5,119,39,34,123,0.4984126984126984,0.5142857142857142,0.031283467758962756,1.3967804523333032,0.06033261677930281,0.11639451142400503,0.004727780638328977,0.1010151456042393,0.24999748047367096,0.00549180419602021,0.15339303052283668,True,False,False
W,pooled_common,lgb_margin,LightGBM margin,"[2016, 2017, 2018, 2019, 2021]",9,315,5,0.15317653986736351,0.15317653986736357,0.018865097904432606,0.1716590798628157,0.4624060153197807,0.861646375876804,0.8561071949376753,0.8555292593753904,0.7777777777777778,0.7777956945900186,0.7735849056603774,0.7834394904458599,0.7784810126582279,0.5556137879943411,0.5,122,36,34,123,0.4984126984126984,0.5047619047619047,-0.07871332289531967,0.7920343594833208,0.0506992453187008,0.13336646878971803,0.004031474018400505,0.09766453116491519,0.24999748047367096,0.008436728263300027,0.15339303052283668,True,False,False
W,separate_gender,constrained_ensemble,Constrained ensemble,"[2016, 2017, 2018, 2019, 2021]",20,315,5,0.1534872397061729,0.1534872397061729,0.01730992845889342,0.17062883332353113,0.46430874168750846,0.861646375876804,0.8539198363791183,0.8533273222616541,0.7841269841269841,0.7841852777553817,0.7730061349693251,0.802547770700637,0.7875,0.5687145569275606,0.5,121,37,31,126,0.4984126984126984,0.5174603174603175,-0.14166126191758377,0.8043173173790036,0.05499166746933206,0.18072524067882711,0.005587992876253524,0.09973506367899608,0.24999748047367096,0.007741235343948771,0.15339303052283668,False,False,False
W,separate_gender,hist_classifier,Histogram boosting,"[2016, 2017, 2018, 2019, 2021]",4,315,5,0.15432084678043928,0.15432084678043928,0.014340750132717092,0.16850059339346649,0.4718533592485159,0.8626138837378053,0.8464764167225396,0.8455190271828545,0.7904761904761904,0.7905547045069741,0.7757575757575758,0.8152866242038217,0.7950310559006211,0.5817664542671295,0.5,121,37,29,128,0.4984126984126984,0.5238095238095238,-0.1049867422321269,0.7334832143136094,0.0774495199254033,0.25009799709804925,0.010275604116744157,0.1056298409447411,0.24999748047367096,0.00641337842901891,0.15339303052283668,False,False,False
W,pooled_common,ridge_margin,Ridge margin,"[2016, 2017, 2018, 2019, 2021]",7,315,5,0.15493171875268133,0.1549317187526813,0.019686370387972114,0.1772011703365022,0.4651711301908649,0.8587438522937999,0.8569360304035161,0.8563782987412162,0.7746031746031746,0.774671450455535,0.7621951219512195,0.7961783439490446,0.778816199376947,0.5498085491780563,0.5,119,39,32,125,0.4984126984126984,0.5206349206349207,-0.09780648357171351,0.7993436209526092,0.056307027054516595,0.1311680784212601,0.005536393900990724,0.09871419834361464,0.24999748047367096,0.008804012483548911,0.15339303052283668,False,False,False
W,pooled_common,hist_classifier,Histogram boosting,"[2016, 2017, 2018, 2019, 2021]",4,315,5,0.15535226895790988,0.15535226895790988,0.00823636881602659,0.16271009108093118,0.4747704638764388,0.8556800774006288,0.8434405449187565,0.8427186010566403,0.7587301587301587,0.7588083528178666,0.7454545454545455,0.7834394904458599,0.7639751552795031,0.5182019613451225,0.5,116,42,34,123,0.4984126984126984,0.5238095238095238,-0.12394033021719168,0.7403077004684468,0.05141876251586172,0.18107588624555715,0.0058961314487724304,0.1014087707962516,0.24999748047367096,0.0036834161120789825,0.15339303052283668,False,False,False
W,separate_gender,tensorflow_mlp,TensorFlow MLP,"[2016, 2017, 2018, 2019, 2021]",11,315,5,0.15621814235773493,0.15621814235773496,0.016562499258237082,0.17445369426583882,0.4784977803883373,0.8591469805692171,0.848255209449272,0.8475987235910647,0.7682539682539683,0.7683020237039426,0.7592592592592593,0.7834394904458599,0.7711598746081505,0.5368204985672701,0.5,119,39,34,123,0.4984126984126984,0.5142857142857142,-0.15676620799815702,0.7288355540732923,0.05058700299437439,0.14535501962828068,0.0049561366995726774,0.10090953884540674,0.24999748047367096,0.0074069748437415915,0.15339303052283668,False,False,False
W,separate_gender,xgb_margin,XGBoost margin,"[2016, 2017, 2018, 2019, 2021]",8,315,5,0.15685536678089346,0.15685536678089343,0.025499990132286328,0.18113125207024436,0.47533653522110664,0.8559219543658793,0.84995358368713,0.8493532558412472,0.7904761904761904,0.7905143916794324,0.782608695652174,0.802547770700637,0.7924528301886793,0.5811693718474389,0.5,123,35,31,126,0.4984126984126984,0.5111111111111111,-0.0751628743769949,0.7527341718347544,0.07135596835761822,0.17823489918382485,0.009332848330724064,0.10398173546599046,0.24999748047367096,0.011403942272273216,0.15339303052283668,False,False,False
W,separate_gender,seed_logistic,Seed logistic,"[2016, 2017, 2018, 2019, 2021]",1,315,5,0.15731879610617186,0.1573187961061719,0.029046197054962763,0.20362327593960103,0.4759125085954502,0.849673466096912,0.8384997182580303,0.8384099741652359,0.7777777777777778,0.7778561638313312,0.7636363636363637,0.802547770700637,0.782608695652174,0.5563406570983267,0.5,119,39,31,126,0.4984126984126984,0.5238095238095238,-0.09467890785975831,0.9192117189652026,0.05055328598739897,0.173897521467144,0.00491912306591923,0.09817266550369469,0.24999748047367096,0.012989854220550186,0.15339303052283668,False,False,False
W,separate_gender,elo_seed_logistic,Elo + seed logistic,"[2016, 2017, 2018, 2019, 2021]",2,315,5,0.157324081667474,0.15732408166747403,0.029062485804689796,0.2036587158259229,0.4759437999155262,0.8496533096831411,0.8388417838651601,0.8382432681212347,0.7777777777777778,0.7778561638313312,0.7636363636363637,0.802547770700637,0.782608695652174,0.5563406570983267,0.5,119,39,31,126,0.4984126984126984,0.5238095238095238,-0.09476537749445946,0.9195558659691971,0.053502973805857126,0.1813116523159407,0.005338416645311332,0.0978981461162721,0.24999748047367096,0.012997138770881812,0.15339303052283668,False,False,False
W,separate_gender,lgb_margin,LightGBM margin,"[2016, 2017, 2018, 2019, 2021]",9,315,5,0.15750293924561767,0.15750293924561767,0.024993981423653645,0.18336563916848664,0.47792291431342127,0.8551156978150448,0.8490319550025118,0.84841610907872,0.7714285714285715,0.771466580665968,0.7639751552795031,0.7834394904458599,0.7735849056603774,0.5430645320225704,0.5,120,38,34,123,0.4984126984126984,0.5111111111111111,-0.08578481343789143,0.759696526780906,0.051840399482645,0.1708572791712355,0.005225756625610783,0.098903010427588,0.24999748047367096,0.011177648298331304,0.15339303052283668,False,False,False
W,separate_gender,ridge_margin,Ridge margin,"[2016, 2017, 2018, 2019, 2021]",7,315,5,0.1578583676847703,0.15785836768477027,0.023829753955728165,0.1829421822966096,0.4754345439026273,0.8542691284366686,0.8494808454723068,0.8488866167259266,0.7714285714285715,0.771446424252197,0.7672955974842768,0.7770700636942676,0.7721518987341772,0.5429147353736608,0.5,121,37,35,122,0.4984126984126984,0.5047619047619047,-0.08652831933529674,0.7585359190385701,0.05347168427051096,0.19169630974026475,0.006600487986734829,0.09692848405790033,0.24999748047367096,0.010656989946420538,0.15339303052283668,False,False,False
W,pooled_common,tensorflow_mlp,TensorFlow MLP,"[2016, 2017, 2018, 2019, 2021]",11,315,5,0.16018906087980256,0.16018906087980256,0.012587504307407096,0.17216715558777962,0.4773671329494736,0.8518906716117068,0.8495995455484091,0.8489502021824087,0.7396825396825397,0.7397202289768605,0.7329192546583851,0.7515923566878981,0.7421383647798742,0.4795564656477896,0.5,115,43,39,118,0.4984126984126984,0.5111111111111111,-0.1242775258044833,0.7723971092770909,0.07135414653383786,0.1804162955377251,0.008203274826447577,0.09853818707889368,0.24999748047367096,0.005629303059686735,0.15339303052283668,False,False,False
W,separate_gender,torch_mlp,PyTorch MLP,"[2016, 2017, 2018, 2019, 2021]",10,315,5,0.1615175978382733,0.1615175978382733,0.02357407431912216,0.19102500617571258,0.5297587116213943,0.8503184713375797,0.8266848339207709,0.8255825434691821,0.7682539682539683,0.7683624929452553,0.75,0.802547770700637,0.7753846153846153,0.5379189879818788,0.5,116,42,31,126,0.4984126984126984,0.5333333333333333,-0.10682455857177825,0.5842422187312462,0.07111508014447011,0.2279409819166176,0.010032210766664188,0.09807095717617992,0.24999748047367096,0.010542646536837843,0.15339303052283668,False,False,False
W,pooled_common,torch_mlp,PyTorch MLP,"[2016, 2017, 2018, 2019, 2021]",10,315,5,0.16183435246361882,0.16183435246361882,0.013503782310809545,0.176307545543555,0.4884731646303743,0.8504797226477466,0.8440680925101569,0.8433274339888168,0.7523809523809524,0.752479238893816,0.7365269461077845,0.7834394904458599,0.7592592592592593,0.5058770116631824,0.5,114,44,34,123,0.4984126984126984,0.5301587301587302,-0.15074022988953784,0.6998522488158951,0.07228548674038537,0.17028952043619938,0.007921611865439297,0.09645485374556034,0.24999748047367096,0.006039075040065867,0.15339303052283668,False,False,False
W,pooled_common,constant_probability,Constant 0.50,"[2016, 2017, 2018, 2019, 2021]",0,315,5,0.25,0.25,0.0,0.25,0.6931471805599454,0.5,0.4984126984126984,0.7492063492063492,0.4984126984126984,0.5,0.4984126984126984,1.0,0.6652542372881356,0.0,0.5,0,158,0,157,0.4984126984126984,1.0,-0.006349227678658724,0.0,0.0015873015873015817,0.0015873015873015817,2.5195263290501205e-06,0.0,0.24999748047367096,0.0,0.15339303052283668,False,False,False
W,separate_gender,constant_probability,Constant 0.50,"[2016, 2017, 2018, 2019, 2021]",0,315,5,0.25,0.25,0.0,0.25,0.6931471805599454,0.5,0.4984126984126984,0.7492063492063492,0.4984126984126984,0.5,0.4984126984126984,1.0,0.6652542372881356,0.0,0.5,0,158,0,157,0.4984126984126984,1.0,-0.006349227678658724,0.0,0.0015873015873015817,0.0015873015873015817,2.5195263290501205e-06,0.0,0.24999748047367096,0.0,0.15339303052283668,False,False,False
